date,no,sx,number
1976,001,羊,34
1976,002,兔,26
1976,003,猴,21
1976,004,蛇,12
1976,005,蛇,24
1976,006,马,23
1976,007,龙,13
1976,008,羊,34
1976,009,羊,34
1976,010,鸡,32
1976,011,羊,10
1976,012,兔,14
1976,013,虎,03
1976,014,蛇,36
1976,015,狗,19
1976,016,羊,10
1976,017,虎,03
1976,018,马,11
1976,019,羊,22
1976,020,虎,15
1976,021,猪,06
1976,022,鼠,29
1976,023,鼠,05
1976,024,牛,04
1976,025,羊,10
1976,026,猪,06
1976,027,狗,31
1976,028,牛,28
1976,029,鸡,32
1976,030,羊,34
1976,031,牛,04
1976,032,猴,33
1976,033,牛,16
1976,034,兔,14
1976,035,狗,19
1976,036,蛇,12
1976,037,兔,14
1976,038,虎,27
1976,039,虎,15
1976,040,蛇,36
1976,041,猪,06
1976,042,猪,30
1976,043,马,11
1976,044,鼠,29
1976,045,猴,21
1976,046,兔,14
1976,047,猪,06
1976,048,龙,01
1976,049,鸡,20
1976,050,猴,33
1977,001,蛇,25
1977,002,牛,05
1977,003,蛇,25
1977,004,猴,10
1977,005,猴,10
1977,006,蛇,01
1977,007,马,36
1977,008,虎,28
1977,009,马,12
1977,010,虎,28
1977,011,鸡,21
1977,012,猪,19
1977,013,羊,35
1977,014,马,36
1977,015,鸡,21
1977,016,鼠,18
1977,017,兔,27
1977,018,鼠,30
1977,019,虎,04
1977,020,羊,23
1977,021,牛,29
1977,022,龙,14
1977,023,猴,10
1977,024,鼠,06
1977,025,猴,10
1977,026,鸡,09
1977,027,羊,35
1977,028,鼠,18
1977,029,虎,16
1977,030,猪,19
1977,031,龙,02
1977,032,猪,31
1977,033,牛,17
1977,034,龙,26
1977,035,鸡,21
1977,036,鼠,30
1977,037,狗,20
1977,038,牛,29
1977,039,猪,31
1977,040,蛇,13
1977,041,牛,29
1977,042,猪,31
1977,043,羊,35
1977,044,牛,05
1977,045,猴,22
1977,046,狗,20
1977,047,羊,35
1977,048,猪,31
1977,049,狗,08
1977,050,狗,20
1977,051,牛,17
1977,052,鸡,21
1977,053,鼠,18
1977,054,马,12
1977,055,鼠,06
1977,056,龙,14
1977,057,狗,20
1977,058,鸡,33
1977,059,兔,15
1977,060,猴,10
1977,061,鼠,06
1977,062,马,12
1977,063,马,36
1977,064,鸡,21
1977,065,蛇,01
1977,066,虎,28
1977,067,狗,32
1977,068,狗,08
1977,069,鸡,21
1977,070,猴,10
1977,071,蛇,13
1977,072,狗,08
1977,073,虎,28
1977,074,狗,32
1977,075,羊,23
1977,076,鼠,18
1977,077,马,24
1977,078,蛇,25
1977,079,蛇,13
1977,080,虎,28
1977,081,羊,23
1977,082,羊,35
1977,083,兔,03
1977,084,狗,08
1977,085,鼠,18
1977,086,鼠,30
1977,087,羊,35
1977,088,虎,28
1977,089,猪,31
1977,090,虎,16
1977,091,羊,35
1977,092,虎,16
1977,093,鼠,30
1977,094,鼠,18
1977,095,猴,10
1977,096,羊,35
1977,097,羊,23
1977,098,虎,04
1977,099,羊,11
1977,100,兔,15
1977,101,鸡,21
1977,102,羊,11
1978,001,虎,17
1978,002,猪,08
1978,003,兔,04
1978,004,鼠,19
1978,005,狗,21
1978,006,龙,15
1978,007,牛,30
1978,008,狗,09
1978,009,兔,04
1978,010,羊,36
1978,011,鼠,19
1978,012,蛇,14
1978,013,猴,11
1978,014,牛,30
1978,015,狗,33
1978,016,羊,36
1978,017,狗,21
1978,018,鸡,10
1978,019,虎,05
1978,020,虎,29
1978,021,兔,28
1978,022,蛇,26
1978,023,龙,15
1978,024,鼠,31
1978,025,蛇,14
1978,026,猴,11
1978,027,猪,20
1978,028,牛,30
1978,029,猪,20
1978,030,兔,04
1978,031,羊,24
1978,032,猪,08
1978,033,羊,24
1978,034,牛,06
1978,035,龙,27
1978,036,狗,33
1978,037,龙,03
1978,038,蛇,26
1978,039,马,25
1978,040,鸡,10
1978,041,牛,18
1978,042,鸡,34
1978,043,猴,11
1978,044,鸡,34
1978,045,鸡,34
1978,046,马,13
1978,047,牛,30
1978,048,狗,21
1978,049,马,01
1978,050,兔,04
1978,051,羊,36
1978,052,牛,06
1978,053,蛇,26
1978,054,鸡,10
1978,055,狗,09
1978,056,虎,29
1978,057,猴,11
1978,058,羊,24
1978,059,马,13
1978,060,蛇,14
1978,061,龙,27
1978,062,狗,33
1978,063,狗,09
1978,064,鸡,22
1978,065,牛,06
1978,066,鼠,31
1978,067,狗,33
1978,068,马,13
1978,069,虎,05
1978,070,龙,03
1978,071,鼠,31
1978,072,龙,27
1978,073,蛇,14
1978,074,狗,09
1978,075,猪,08
1978,076,龙,03
1978,077,牛,18
1978,078,牛,06
1978,079,马,01
1978,080,鸡,34
1978,081,牛,06
1978,082,马,25
1978,083,龙,15
1978,084,猪,32
1978,085,蛇,26
1978,086,虎,29
1978,087,牛,18
1978,088,猪,32
1978,089,猴,11
1978,090,鸡,34
1978,091,虎,29
1978,092,牛,06
1978,093,牛,30
1978,094,牛,18
1978,095,羊,12
1978,096,虎,05
1978,097,蛇,02
1978,098,猪,20
1978,099,兔,04
1978,100,猴,11
1978,101,猴,23
1979,001,虎,30
1979,002,鼠,32
1979,003,虎,06
1979,004,鼠,32
1979,005,鸡,11
1979,006,猪,33
1979,007,牛,31
1979,008,兔,05
1979,009,龙,16
1979,010,狗,10
1979,011,龙,04
1979,012,兔,29
1979,013,兔,29
1979,014,鸡,11
1979,015,龙,28
1979,016,羊,25
1979,017,兔,05
1979,018,马,02
1979,019,蛇,03
1979,020,龙,28
1979,021,牛,19
1979,022,牛,07
1979,023,狗,34
1979,024,龙,28
1979,025,马,26
1979,026,蛇,03
1979,027,马,26
1979,028,猪,33
1979,029,牛,31
1979,030,猪,33
1979,031,马,26
1979,032,牛,19
1979,033,鸡,11
1979,034,牛,19
1979,035,蛇,15
1979,036,鼠,08
1979,037,鼠,32
1979,038,猪,33
1979,039,鸡,35
1979,040,虎,18
1979,041,猪,09
1979,042,猴,36
1979,043,鼠,32
1979,044,牛,31
1979,045,羊,25
1979,046,牛,31
1979,047,虎,30
1979,048,虎,30
1979,049,蛇,15
1979,050,龙,28
1979,051,虎,06
1979,052,兔,05
1979,053,蛇,27
1979,054,猴,36
1979,055,马,14
1979,056,牛,19
1979,057,猪,09
1979,058,牛,07
1979,059,龙,04
1979,060,马,26
1979,061,猴,36
1979,062,龙,28
1979,063,鸡,11
1979,064,马,14
1979,065,鸡,23
1979,066,鼠,32
1979,067,羊,25
1979,068,兔,05
1979,069,羊,25
1979,070,牛,07
1979,071,狗,10
1979,072,虎,30
1979,073,兔,05
1979,074,猴,24
1979,075,蛇,27
1979,076,鼠,08
1979,077,蛇,27
1979,078,狗,10
1979,079,兔,29
1979,080,虎,06
1979,081,鼠,08
1979,082,牛,19
1979,083,羊,01
1979,084,蛇,15
1979,085,蛇,03
1979,086,虎,30
1979,087,狗,10
1979,088,蛇,15
1979,089,蛇,15
1979,090,鼠,32
1979,091,兔,05
1979,092,兔,29
1979,093,牛,31
1979,094,牛,07
1979,095,兔,29
1979,096,虎,06
1979,097,兔,29
1979,098,狗,22
1979,099,龙,16
1979,100,虎,18
1979,101,马,26
1979,102,猪,33
1980,001,狗,11
1980,002,马,27
1980,003,猪,34
1980,004,马,27
1980,005,猪,22
1980,006,马,03
1980,007,蛇,28
1980,008,兔,30
1980,009,马,27
1980,010,马,27
1980,011,蛇,28
1980,012,马,27
1980,013,龙,05
1980,014,猴,13
1980,015,蛇,04
1980,016,羊,14
1980,017,兔,06
1980,018,龙,29
1980,019,兔,30
1980,020,牛,08
1980,021,马,15
1980,022,牛,08
1980,023,猪,10
1980,024,虎,31
1980,025,蛇,04
1980,026,猪,10
1980,027,猴,01
1980,028,羊,02
1980,029,鸡,24
1980,030,狗,11
1980,031,鼠,09
1980,032,虎,19
1980,033,虎,31
1980,034,鸡,24
1980,035,鸡,36
1980,036,狗,35
1980,037,牛,32
1980,038,虎,31
1980,039,牛,32
1980,040,鼠,33
1980,041,猪,34
1980,042,虎,07
1980,043,龙,17
1980,044,马,27
1980,045,蛇,28
1980,046,羊,14
1980,047,猪,10
1980,048,牛,20
1980,049,狗,11
1980,050,兔,30
1980,051,羊,26
1980,052,马,27
1980,053,鸡,24
1980,054,兔,06
1980,055,猪,10
1980,056,龙,29
1980,057,猪,22
1980,058,蛇,16
1980,059,鼠,09
1980,060,鸡,12
1980,061,马,27
1980,062,鼠,33
1980,063,猴,25
1980,064,牛,08
1980,065,鼠,33
1980,066,马,15
1980,067,牛,20
1980,068,虎,19
1980,069,狗,23
1980,070,牛,32
1980,071,蛇,04
1980,072,虎,31
1980,073,牛,20
1980,074,鸡,12
1980,075,兔,18
1980,076,鼠,33
1980,077,马,15
1980,078,羊,02
1980,079,牛,20
1980,080,羊,26
1980,081,狗,35
1980,082,鸡,12
1980,083,虎,31
1980,084,猪,10
1980,085,猴,01
1980,086,牛,20
1980,087,鼠,21
1980,088,羊,26
1980,089,马,15
1980,090,猴,25
1980,091,羊,26
1980,092,猪,10
1980,093,羊,02
1980,094,牛,08
1980,095,龙,29
1980,096,兔,06
1980,097,鸡,24
1980,098,虎,31
1980,099,猴,13
1980,100,鸡,24
1980,101,马,27
1980,102,鼠,21
1980,103,牛,20
1981,001,猴,26
1981,002,兔,07
1981,003,狗,24
1981,004,牛,33
1981,005,狗,24
1981,006,猴,26
1981,007,羊,27
1981,008,牛,21
1981,009,虎,20
1981,010,猴,26
1981,011,狗,24
1981,012,羊,27
1981,013,龙,30
1981,014,狗,36
1981,015,狗,12
1981,016,羊,03
1981,017,马,28
1981,018,蛇,29
1981,019,鸡,01
1981,020,狗,12
1981,021,鸡,13
1981,022,狗,12
1981,023,蛇,29
1981,024,狗,36
1981,025,牛,33
1981,026,狗,36
1981,027,猴,26
1981,028,马,28
1981,029,狗,12
1981,030,蛇,29
1981,031,龙,06
1981,032,羊,03
1981,033,猪,35
1981,034,兔,31
1981,035,牛,33
1981,036,猴,14
1981,037,狗,12
1981,038,鼠,34
1981,039,猴,26
1981,040,马,04
1981,041,羊,15
1981,042,牛,33
1981,043,牛,33
1981,044,狗,12
1981,045,虎,08
1981,046,猴,26
1981,047,马,04
1981,048,猴,02
1981,049,鼠,10
1981,050,猪,35
1981,051,羊,03
1981,052,鼠,34
1981,053,牛,21
1981,054,羊,27
1981,055,鸡,25
1981,056,羊,15
1981,057,鼠,22
1981,058,羊,15
1981,059,蛇,05
1981,060,蛇,17
1981,061,兔,19
1981,062,猴,14
1981,063,牛,33
1981,064,狗,36
1981,065,牛,09
1981,066,猪,35
1981,067,虎,32
1981,068,马,04
1981,069,猴,02
1981,070,猴,14
1981,071,虎,20
1981,072,鸡,25
1981,073,猴,14
1981,074,鸡,01
1981,075,蛇,05
1981,076,马,16
1981,077,羊,03
1981,078,马,04
1981,079,猪,35
1981,080,牛,33
1981,081,马,28
1981,082,龙,06
1981,083,猪,11
1981,084,羊,15
1981,085,兔,19
1981,086,羊,27
1981,087,鼠,22
1981,088,鸡,25
1981,089,鼠,34
1981,090,兔,07
1981,091,蛇,29
1981,092,龙,18
1981,093,蛇,29
1981,094,狗,12
1981,095,虎,32
1981,096,羊,27
1981,097,龙,06
1981,098,羊,27
1981,099,牛,21
1981,100,龙,18
1981,101,鸡,25
1982,001,猪,36
1982,002,马,29
1982,003,蛇,30
1982,004,狗,01
1982,005,羊,28
1982,006,龙,31
1982,007,牛,10
1982,008,猴,15
1982,009,鼠,11
1982,010,狗,01
1982,011,龙,31
1982,012,羊,16
1982,013,兔,32
1982,014,龙,19
1982,015,鸡,02
1982,016,鼠,11
1982,017,牛,34
1982,018,鸡,14
1982,019,鸡,02
1982,020,龙,19
1982,021,马,05
1982,022,鸡,14
1982,023,鼠,23
1982,024,蛇,06
1982,025,蛇,06
1982,026,兔,08
1982,027,龙,07
1982,028,鸡,14
1982,029,猴,03
1982,030,马,29
1982,031,蛇,18
1982,032,猴,27
1982,033,牛,22
1982,034,龙,07
1982,035,狗,25
1982,036,马,29
1982,037,马,05
1982,038,牛,22
1982,039,龙,19
1982,040,鸡,02
1982,041,蛇,30
1982,042,鼠,23
1982,043,马,17
1982,044,兔,32
1982,045,虎,09
1982,046,猪,36
1982,047,兔,32
1982,048,羊,16
1982,049,龙,07
1982,050,虎,21
1982,051,猴,27
1982,052,狗,01
1982,053,兔,20
1982,054,鸡,02
1982,055,鼠,11
1982,056,兔,20
1982,057,龙,07
1982,058,马,29
1982,059,鼠,23
1982,060,蛇,06
1982,061,猴,15
1982,062,牛,10
1982,063,鼠,23
1982,064,猪,36
1982,065,虎,33
1982,066,牛,34
1982,067,牛,10
1982,068,马,17
1982,069,猪,12
1982,070,猴,03
1982,071,马,05
1982,072,鼠,23
1982,073,马,17
1982,074,蛇,18
1982,075,马,17
1982,076,龙,07
1982,077,虎,21
1982,078,龙,07
1982,079,鼠,11
1982,080,马,17
1982,081,蛇,30
1982,082,龙,07
1982,083,猴,27
1982,084,羊,28
1982,085,虎,09
1982,086,鸡,14
1982,087,龙,19
1982,088,鸡,26
1982,089,狗,01
1982,090,鼠,23
1982,091,龙,31
1982,092,猪,36
1982,093,龙,19
1982,094,牛,34
1982,095,猴,15
1982,096,兔,20
1982,097,鼠,11
1982,098,蛇,30
1982,099,鼠,35
1982,100,牛,10
1982,101,鼠,11
1982,102,狗,25
1982,103,鸡,02
1982,104,羊,28
1983,001,蛇,31
1983,002,虎,34
1983,003,马,06
1983,004,兔,21
1983,005,马,06
1983,006,狗,14
1983,007,虎,34
1983,008,猴,28
1983,009,猴,16
1983,010,猴,16
1983,011,鸡,15
1983,012,鸡,03
1983,013,蛇,07
1983,014,牛,23
1983,015,蛇,31
1983,016,蛇,07
1983,017,鼠,24
1983,018,龙,32
1983,019,马,18
1983,020,龙,20
1983,021,虎,10
1983,022,羊,05
1983,023,羊,17
1983,024,狗,14
1983,025,鼠,36
1983,026,马,06
1983,027,猴,16
1983,028,马,06
1983,029,狗,02
1983,030,猪,25
1983,031,鸡,15
1983,032,龙,32
1983,033,狗,02
1983,034,羊,17
1983,035,狗,02
1983,036,马,18
1983,037,羊,05
1983,038,猴,28
1983,039,牛,11
1983,040,羊,17
1983,041,牛,35
1983,042,猴,28
1983,043,鼠,12
1983,044,鼠,12
1983,045,兔,21
1983,046,猪,13
1983,047,虎,22
1983,048,猪,13
1983,049,狗,26
1983,050,猪,01
1983,051,狗,26
1983,052,兔,33
1983,053,鸡,27
1983,054,鼠,12
1983,055,龙,08
1983,056,虎,22
1983,057,狗,02
1983,058,鸡,03
1983,059,鸡,03
1983,060,蛇,07
1983,061,牛,35
1983,062,虎,22
1983,063,兔,09
1983,064,牛,35
1983,065,蛇,07
1983,066,龙,20
1983,067,牛,23
1983,068,虎,22
1983,069,龙,32
1983,070,狗,26
1983,071,牛,11
1983,072,马,30
1983,073,虎,22
1983,074,羊,17
1983,075,虎,34
1983,076,虎,22
1983,077,虎,22
1983,078,蛇,07
1983,079,龙,20
1983,080,兔,09
1983,081,猪,37
1983,082,兔,33
1983,083,马,30
1983,084,狗,38
1983,085,龙,32
1983,086,兔,33
1983,087,马,18
1983,088,猪,37
1983,089,虎,10
1983,090,羊,17
1983,091,兔,21
1983,092,羊,17
1983,093,鸡,03
1983,094,蛇,31
1983,095,狗,38
1983,096,鸡,15
1983,097,龙,08
1983,098,鸡,03
1983,099,猪,01
1983,100,蛇,31
1983,101,龙,20
1983,102,鼠,36
1983,103,马,30
1984,001,兔,10
1984,002,鸡,28
1984,003,龙,21
1984,004,蛇,08
1984,005,猪,38
1984,006,猪,14
1984,007,蛇,20
1984,008,鼠,37
1984,009,牛,12
1984,010,牛,36
1984,011,牛,36
1984,012,狗,15
1984,013,龙,21
1984,014,兔,10
1984,015,马,31
1984,016,鼠,01
1984,017,狗,03
1984,018,牛,24
1984,019,兔,10
1984,020,马,31
1984,021,马,19
1984,022,牛,24
1984,023,虎,35
1984,024,龙,21
1984,025,蛇,32
1984,026,虎,23
1984,027,虎,35
1984,028,羊,06
1984,029,牛,12
1984,030,马,07
1984,031,狗,27
1984,032,兔,34
1984,033,牛,12
1984,034,狗,15
1984,035,龙,09
1984,036,虎,35
1984,037,狗,39
1984,038,蛇,08
1984,039,蛇,20
1984,040,狗,39
1984,041,马,19
1984,042,狗,03
1984,043,龙,09
1984,044,兔,34
1984,045,狗,15
1984,046,猪,38
1984,047,牛,12
1984,048,牛,36
1984,049,鸡,04
1984,050,鼠,01
1984,051,鸡,28
1984,052,猴,17
1984,053,猪,38
1984,054,虎,35
1984,055,兔,34
1984,056,牛,12
1984,057,龙,33
1984,058,羊,06
1984,059,龙,21
1984,060,猪,38
1984,061,羊,18
1984,062,狗,27
1984,063,羊,30
1984,064,狗,27
1984,065,牛,12
1984,066,狗,15
1984,067,羊,18
1984,068,鼠,01
1984,069,狗,03
1984,070,猴,17
1984,071,兔,34
1984,072,猴,29
1984,073,虎,35
1984,074,鸡,16
1984,075,狗,27
1984,076,蛇,08
1984,077,鼠,13
1984,078,鼠,01
1984,079,猴,05
1984,080,鼠,13
1984,081,马,07
1984,082,鸡,04
1984,083,牛,12
1984,084,牛,36
1984,085,鸡,28
1984,086,猪,14
1984,087,鼠,37
1984,088,蛇,32
1984,089,马,07
1984,090,蛇,08
1984,091,虎,11
1984,092,猪,26
1984,093,猪,38
1984,094,鼠,01
1984,095,鸡,16
1984,096,马,19
1984,097,马,19
1984,098,猪,38
1984,099,虎,35
1984,100,猴,17
1984,101,猪,02
1984,102,马,07
1984,103,鼠,37
1985,001,羊,31
1985,002,羊,31
1985,003,猪,27
1985,004,狗,40
1985,005,猴,30
1985,006,狗,16
1985,007,兔,35
1985,008,鸡,29
1985,009,马,08
1985,010,马,20
1985,011,羊,19
1985,012,蛇,33
1985,013,猪,39
1985,014,牛,25
1985,015,狗,16
1985,016,狗,04
1985,017,狗,16
1985,018,蛇,09
1985,019,猴,06
1985,020,蛇,09
1985,021,猪,15
1985,022,龙,22
1985,023,马,08
1985,024,鸡,05
1985,025,牛,37
1985,026,鸡,17
1985,027,虎,36
1985,028,羊,07
1985,029,猴,18
1985,030,猴,30
1985,031,鼠,26
1985,032,龙,22
1985,033,鼠,02
1985,034,兔,23
1985,035,牛,37
1985,036,龙,34
1985,037,鼠,02
1985,038,猴,06
1985,039,蛇,33
1985,040,牛,01
1985,041,虎,24
1985,042,猪,27
1985,043,猪,03
1985,044,猴,06
1985,045,牛,13
1985,046,猪,03
1985,047,羊,31
1985,048,虎,24
1985,049,鼠,02
1985,050,羊,07
1985,051,狗,28
1985,052,虎,24
1985,053,牛,37
1985,054,牛,13
1985,055,龙,34
1985,056,牛,13
1985,057,龙,22
1985,058,羊,19
1985,059,蛇,09
1985,060,狗,28
1985,061,虎,12
1985,062,牛,13
1985,063,猴,18
1985,064,虎,36
1985,065,猴,18
1985,066,虎,24
1985,067,虎,36
1985,068,兔,23
1985,069,狗,40
1985,070,虎,36
1985,071,蛇,33
1985,072,牛,37
1985,073,虎,36
1985,074,龙,10
1985,075,狗,40
1985,076,猴,06
1985,077,蛇,21
1985,078,马,08
1985,079,虎,24
1985,080,蛇,33
1985,081,狗,40
1985,082,兔,23
1985,083,鸡,29
1985,084,羊,19
1985,085,狗,16
1985,086,蛇,21
1985,087,狗,28
1985,088,狗,16
1985,089,蛇,21
1985,090,蛇,21
1985,091,鸡,17
1985,092,鸡,29
1985,093,牛,01
1985,094,兔,11
1985,095,猴,30
1985,096,蛇,33
1985,097,兔,23
1985,098,蛇,21
1985,099,羊,19
1985,100,狗,28
1985,101,猴,18
1985,102,牛,01
1985,103,虎,24
1986,001,猪,40
1986,002,蛇,22
1986,003,虎,01
1986,004,牛,38
1986,005,龙,35
1986,006,狗,29
1986,007,蛇,22
1986,008,马,33
1986,009,蛇,10
1986,010,猪,16
1986,011,狗,05
1986,012,马,21
1986,013,兔,24
1986,014,猴,31
1986,015,龙,11
1986,016,蛇,22
1986,017,猴,31
1986,018,蛇,22
1986,019,猴,31
1986,020,鸡,06
1986,021,鼠,39
1986,022,马,33
1986,023,虎,13
1986,024,蛇,10
1986,025,蛇,22
1986,026,龙,23
1986,027,猴,19
1986,028,牛,14
1986,029,猴,31
1986,030,鼠,15
1986,031,猪,04
1986,032,猴,31
1986,033,鼠,39
1986,034,鸡,18
1986,035,虎,25
1986,036,虎,01
1986,037,猪,16
1986,038,狗,17
1986,039,牛,26
1986,040,狗,05
1986,041,鸡,30
1986,042,羊,32
1986,043,虎,13
1986,044,鸡,18
1986,045,猴,07
1986,046,羊,20
1986,047,蛇,22
1986,048,鸡,18
1986,049,龙,35
1986,050,羊,32
1986,051,鸡,30
1986,052,猪,28
1986,053,马,21
1986,054,鸡,30
1986,055,狗,29
1986,056,猪,16
1986,057,虎,01
1986,058,猴,07
1986,059,龙,23
1986,060,鸡,30
1986,061,猪,28
1986,062,兔,36
1986,063,猪,40
1986,064,羊,32
1986,065,兔,36
1986,066,马,09
1986,067,兔,12
1986,068,牛,38
1986,069,鸡,06
1986,070,牛,38
1986,071,虎,13
1986,072,虎,37
1986,073,牛,14
1986,074,虎,01
1986,075,狗,17
1986,076,猪,40
1986,077,鼠,27
1986,078,鼠,03
1986,079,牛,26
1986,080,蛇,10
1986,081,马,09
1986,082,龙,23
1986,083,兔,24
1986,084,猴,07
1986,085,兔,36
1986,086,猪,16
1986,087,狗,29
1986,088,兔,12
1986,089,猪,28
1986,090,兔,24
1986,091,猴,07
1986,092,龙,11
1986,093,猴,19
1986,094,羊,32
1986,095,马,09
1986,096,鸡,18
1986,097,牛,38
1986,098,蛇,10
1986,099,猪,28
1986,100,蛇,10
1987,001,牛,15
1987,002,兔,13
1987,003,牛,39
1987,004,龙,12
1987,005,龙,24
1987,006,鼠,16
1987,007,马,34
1987,008,羊,09
1987,009,羊,21
1987,010,牛,39
1987,011,蛇,23
1987,012,羊,21
1987,013,虎,14
1987,014,蛇,11
1987,015,蛇,11
1987,016,兔,13
1987,017,鼠,16
1987,018,猴,20
1987,019,虎,02
1987,020,马,22
1987,021,鼠,40
1987,022,虎,38
1987,023,马,34
1987,024,虎,38
1987,025,猴,20
1987,026,马,10
1987,027,狗,30
1987,028,羊,09
1987,029,羊,33
1987,030,猪,17
1987,031,狗,06
1987,032,马,10
1987,033,猪,17
1987,034,兔,01
1987,035,猪,29
1987,036,蛇,35
1987,037,猪,05
1987,038,猪,05
1987,039,马,10
1987,040,兔,25
1987,041,狗,30
1987,042,猴,20
1987,043,虎,26
1987,044,兔,01
1987,045,羊,33
1987,046,兔,01
1987,047,鸡,19
1987,048,马,22
1987,049,蛇,11
1987,050,猪,05
1987,051,猪,05
1987,052,猪,05
1987,053,鼠,40
1987,054,鼠,40
1987,055,猴,08
1987,056,虎,02
1987,057,虎,38
1987,058,狗,06
1987,059,牛,39
1987,060,鸡,31
1987,061,鸡,19
1987,062,狗,06
1987,063,鼠,28
1987,064,马,10
1987,065,羊,21
1987,066,虎,38
1987,067,鸡,19
1987,068,鼠,40
1987,069,蛇,11
1987,070,龙,36
1987,071,牛,39
1987,072,虎,38
1987,073,鸡,07
1987,074,蛇,35
1987,075,虎,14
1987,076,龙,12
1987,077,牛,27
1987,078,牛,03
1987,079,兔,25
1987,080,兔,01
1987,081,猴,20
1987,082,猪,17
1987,083,虎,26
1987,084,马,34
1987,085,兔,13
1987,086,龙,24
1987,087,兔,25
1987,088,猴,20
1987,089,牛,15
1987,090,蛇,23
1987,091,马,10
1987,092,猪,29
1987,093,鸡,07
1987,094,蛇,35
1987,095,虎,26
1987,096,鼠,40
1987,097,龙,24
1987,098,虎,38
1987,099,猪,29
1987,100,狗,30
1987,101,马,22
1987,102,猪,29
1987,103,狗,06
1988,001,鼠,17
1988,002,牛,28
1988,003,猪,18
1988,004,蛇,12
1988,005,狗,07
1988,006,猴,09
1988,007,虎,27
1988,008,鸡,20
1988,009,牛,04
1988,010,牛,04
1988,011,猴,21
1988,012,牛,04
1988,013,兔,38
1988,014,兔,14
1988,015,猪,18
1988,016,鸡,08
1988,017,鸡,20
1988,018,鸡,32
1988,019,鼠,05
1988,020,猴,21
1988,021,牛,04
1988,022,猪,42
1988,023,牛,04
1988,024,虎,03
1988,025,鸡,08
1988,026,猪,06
1988,027,羊,10
1988,028,虎,15
1988,029,蛇,24
1988,030,鼠,41
1988,031,牛,16
1988,032,马,35
1988,033,虎,27
1988,034,猴,33
1988,035,马,11
1988,036,马,23
1988,037,鼠,17
1988,038,虎,03
1988,039,猪,18
1988,040,虎,15
1988,041,猪,42
1988,042,牛,04
1988,043,牛,28
1988,044,猴,33
1988,045,猴,09
1988,046,羊,22
1988,047,猪,42
1988,048,马,11
1988,049,羊,10
1988,050,龙,25
1988,051,牛,40
1988,052,鸡,20
1988,053,兔,26
1988,054,猪,30
1988,055,狗,07
1988,056,虎,39
1988,057,龙,25
1988,058,鼠,41
1988,059,牛,04
1988,060,牛,28
1988,061,马,35
1988,062,猴,09
1988,063,猪,06
1988,064,羊,22
1988,065,兔,38
1988,066,虎,27
1988,067,兔,38
1988,068,鼠,29
1988,069,狗,07
1988,070,羊,10
1988,071,龙,13
1988,072,蛇,36
1988,073,鼠,41
1988,074,猴,33
1988,075,鸡,08
1988,076,猪,42
1988,077,猪,18
1988,078,马,11
1988,079,鸡,32
1988,080,鼠,41
1988,081,羊,10
1988,082,羊,10
1988,083,猴,21
1988,084,鸡,08
1988,085,龙,37
1988,086,牛,04
1988,087,牛,16
1988,088,龙,01
1988,089,虎,15
1988,090,羊,34
1988,091,羊,22
1988,092,猪,42
1988,093,虎,27
1988,094,鼠,17
1988,095,龙,25
1988,096,鼠,17
1988,097,狗,31
1988,098,马,11
1988,099,马,35
1988,100,龙,37
1988,101,鸡,20
1988,102,鼠,29
1989,001,鼠,30
1989,002,虎,40
1989,003,蛇,37
1989,004,虎,28
1989,005,狗,32
1989,006,兔,39
1989,007,猴,34
1989,008,龙,02
1989,009,虎,16
1989,010,蛇,01
1989,011,狗,32
1989,012,马,24
1989,013,猪,07
1989,014,鸡,09
1989,015,龙,02
1989,016,兔,39
1989,017,蛇,01
1989,018,龙,02
1989,019,猪,19
1989,020,牛,05
1989,021,猴,22
1989,022,狗,20
1989,023,牛,29
1989,024,蛇,25
1989,025,兔,39
1989,026,猴,10
1989,027,蛇,13
1989,028,牛,17
1989,029,牛,41
1989,030,鼠,42
1989,031,猴,10
1989,032,狗,20
1989,033,虎,04
1989,034,龙,26
1989,035,蛇,01
1989,036,狗,32
1989,037,猪,31
1989,038,猪,31
1989,039,马,12
1989,040,兔,39
1989,041,猪,07
1989,042,牛,41
1989,043,牛,29
1989,044,鸡,33
1989,045,猪,31
1989,046,猪,07
1989,047,兔,03
1989,048,牛,29
1989,049,猴,22
1989,050,虎,40
1989,051,猴,34
1989,052,猪,19
1989,053,牛,17
1989,054,马,12
1989,055,兔,15
1989,056,羊,35
1989,057,牛,17
1989,058,鼠,30
1989,059,羊,23
1989,060,狗,20
1989,061,猴,10
1989,062,狗,32
1989,063,狗,08
1989,064,猪,19
1989,065,兔,27
1989,066,蛇,37
1989,067,牛,05
1989,068,羊,35
1989,069,虎,28
1989,070,龙,26
1989,071,鸡,09
1989,072,兔,39
1989,073,猪,31
1989,074,鼠,06
1989,075,马,36
1989,076,鸡,09
1989,077,鸡,09
1989,078,牛,29
1989,079,龙,02
1989,080,狗,08
1989,081,猪,07
1989,082,龙,38
1989,083,牛,05
1989,084,马,24
1989,085,蛇,25
1989,086,虎,04
1989,087,鸡,09
1989,088,羊,35
1989,089,虎,28
1989,090,马,36
1989,091,兔,03
1989,092,兔,03
1989,093,牛,29
1989,094,兔,27
1989,095,蛇,01
1989,096,蛇,13
1989,097,牛,41
1989,098,兔,15
1989,099,蛇,25
1990,001,兔,04
1990,002,蛇,26
1990,003,狗,09
1990,004,狗,21
1990,005,猪,08
1990,006,猴,23
1990,007,羊,36
1990,008,蛇,26
1990,009,兔,16
1990,010,狗,21
1990,011,鼠,07
1990,012,猴,11
1990,013,猪,44
1990,014,龙,27
1990,015,猪,08
1990,016,蛇,02
1990,017,牛,30
1990,018,龙,15
1990,019,蛇,02
1990,020,兔,04
1990,021,牛,06
1990,022,鼠,43
1990,023,鸡,34
1990,024,蛇,14
1990,025,蛇,02
1990,026,兔,16
1990,027,狗,21
1990,028,狗,45
1990,029,鼠,31
1990,030,虎,41
1990,031,虎,05
1990,032,虎,29
1990,033,虎,17
1990,034,蛇,14
1990,035,虎,29
1990,036,虎,05
1990,037,羊,12
1990,038,兔,40
1990,039,牛,30
1990,040,羊,12
1990,041,虎,05
1990,042,龙,15
1990,043,兔,04
1990,044,猴,11
1990,045,羊,12
1990,046,蛇,26
1990,047,牛,18
1990,048,狗,33
1990,049,马,25
1990,050,马,37
1990,051,虎,05
1990,052,猪,20
1990,053,蛇,38
1990,054,虎,41
1990,055,兔,04
1990,056,马,37
1990,057,蛇,38
1990,058,狗,33
1990,059,牛,06
1990,060,兔,04
1990,061,羊,24
1990,062,羊,12
1990,063,虎,05
1990,064,鸡,34
1990,065,马,37
1990,066,兔,28
1990,067,龙,39
1990,068,羊,36
1990,069,虎,29
1990,070,猴,11
1990,071,猴,35
1990,072,虎,05
1990,073,虎,05
1990,074,龙,15
1990,075,牛,42
1990,076,鸡,10
1990,077,马,37
1990,078,牛,30
1990,079,蛇,38
1990,080,狗,45
1990,081,牛,06
1990,082,龙,27
1990,083,鼠,07
1990,084,兔,04
1990,085,猪,32
1990,086,牛,30
1990,087,虎,41
1990,088,猴,23
1990,089,龙,27
1990,090,蛇,38
1990,091,兔,28
1990,092,狗,09
1990,093,鼠,19
1990,094,牛,30
1990,095,猪,20
1990,096,猪,32
1990,097,鸡,34
1990,098,鸡,34
1990,099,马,13
1990,100,牛,06
1991,001,鸡,23
1991,002,蛇,27
1991,003,鸡,35
1991,004,羊,01
1991,005,蛇,03
1991,006,蛇,15
1991,007,狗,34
1991,008,马,38
1991,009,蛇,15
1991,010,蛇,15
1991,011,龙,04
1991,012,兔,05
1991,013,龙,28
1991,014,虎,42
1991,015,鼠,32
1991,016,猪,45
1991,017,鼠,20
1991,018,猴,12
1991,019,牛,07
1991,020,蛇,15
1991,021,兔,05
1991,022,猪,09
1991,023,蛇,27
1991,024,蛇,39
1991,025,蛇,03
1991,026,猴,12
1991,027,羊,01
1991,028,猴,12
1991,029,兔,29
1991,030,兔,29
1991,031,鼠,08
1991,032,龙,28
1991,033,牛,19
1991,034,虎,30
1991,035,虎,30
1991,036,龙,16
1991,037,龙,16
1991,038,虎,30
1991,039,蛇,03
1991,040,羊,25
1991,041,羊,25
1991,042,马,38
1991,043,羊,01
1991,044,牛,19
1991,045,虎,06
1991,046,狗,34
1991,047,虎,06
1991,048,虎,42
1991,049,鸡,23
1991,050,鼠,20
1991,051,羊,01
1991,052,龙,28
1991,053,鼠,20
1991,054,虎,30
1991,055,蛇,27
1991,056,牛,31
1991,057,马,14
1991,058,羊,37
1991,059,龙,04
1991,060,马,02
1991,061,猪,09
1991,062,龙,16
1991,063,虎,06
1991,064,猪,45
1991,065,兔,05
1991,066,兔,41
1991,067,狗,10
1991,068,狗,10
1991,069,蛇,27
1991,070,狗,34
1991,071,牛,07
1991,072,狗,22
1991,073,龙,04
1991,074,虎,18
1991,075,猪,33
1991,076,猪,33
1991,077,猴,36
1991,078,牛,19
1991,079,马,02
1991,080,羊,01
1991,081,虎,06
1991,082,猪,21
1991,083,鼠,44
1991,084,狗,10
1991,085,龙,04
1991,086,蛇,03
1991,087,牛,43
1991,088,猴,24
1991,089,猴,36
1991,090,猪,21
1991,091,蛇,27
1991,092,羊,01
1991,093,猪,09
1991,094,狗,34
1991,095,虎,18
1991,096,鸡,35
1991,097,龙,28
1991,098,鸡,23
1991,099,马,26
1991,100,虎,30
1991,101,虎,42
1992,001,龙,05
1992,002,猪,10
1992,003,兔,18
1992,004,羊,14
1992,005,牛,20
1992,006,牛,20
1992,007,龙,05
1992,008,羊,14
1992,009,马,39
1992,010,虎,31
1992,011,猪,22
1992,012,兔,06
1992,013,猴,25
1992,014,猴,37
1992,015,鼠,33
1992,016,龙,29
1992,017,虎,19
1992,018,马,03
1992,019,蛇,16
1992,020,猴,13
1992,021,虎,07
1992,022,虎,43
1992,023,虎,07
1992,024,猴,25
1992,025,蛇,28
1992,026,猴,13
1992,027,鸡,12
1992,028,牛,20
1992,029,羊,38
1992,030,鼠,21
1992,031,狗,23
1992,032,兔,30
1992,033,猪,10
1992,034,蛇,16
1992,035,牛,32
1992,036,马,27
1992,037,羊,38
1992,038,猪,34
1992,039,龙,05
1992,040,鼠,09
1992,041,猪,22
1992,042,蛇,04
1992,043,猪,34
1992,044,狗,35
1992,045,鼠,33
1992,046,牛,44
1992,047,鸡,36
1992,048,牛,20
1992,049,蛇,04
1992,050,羊,38
1992,051,牛,20
1992,052,兔,06
1992,053,龙,29
1992,054,鼠,33
1992,055,虎,07
1992,056,狗,35
1992,057,猴,37
1992,058,鼠,33
1992,059,牛,08
1992,060,鸡,12
1992,061,兔,06
1992,062,龙,17
1992,063,狗,35
1992,064,蛇,16
1992,065,牛,44
1992,066,虎,19
1992,067,猴,37
1992,068,羊,14
1992,069,兔,06
1992,070,牛,32
1992,071,兔,06
1992,072,虎,07
1992,073,鸡,36
1992,074,牛,20
1992,075,龙,17
1992,076,鼠,09
1992,077,虎,31
1992,078,龙,05
1992,079,蛇,40
1992,080,牛,20
1992,081,马,27
1992,082,蛇,28
1992,083,鼠,21
1992,084,猴,37
1992,085,蛇,16
1992,086,羊,38
1992,087,虎,07
1992,088,虎,31
1992,089,猴,25
1992,090,牛,44
1992,091,鸡,12
1992,092,猴,13
1992,093,兔,42
1992,094,鸡,36
1992,095,羊,14
1992,096,狗,23
1992,097,兔,42
1992,098,猴,01
1992,099,龙,05
1992,100,猪,10
1992,101,鼠,21
1992,102,蛇,04
1993,001,牛,33
1993,002,鸡,37
1993,003,羊,39
1993,004,猪,35
1993,005,猪,23
1993,006,马,16
1993,007,蛇,29
1993,008,蛇,41
1993,009,猴,26
1993,010,马,40
1993,011,虎,20
1993,012,兔,31
1993,013,猴,26
1993,014,鸡,25
1993,015,蛇,17
1993,016,虎,20
1993,017,猴,14
1993,018,鸡,13
1993,019,猴,14
1993,020,牛,09
1993,021,蛇,41
1993,022,马,16
1993,023,羊,39
1993,024,猪,23
1993,025,羊,03
1993,026,兔,43
1993,027,猪,23
1993,028,兔,19
1993,029,猴,14
1993,030,鸡,37
1993,031,虎,08
1993,032,猪,35
1993,033,猴,02
1993,034,牛,09
1993,035,猪,23
1993,036,牛,21
1993,037,龙,18
1993,038,狗,24
1993,039,马,16
1993,040,羊,39
1993,041,猴,02
1993,042,羊,27
1993,043,兔,19
1993,044,马,04
1993,045,兔,43
1993,046,鸡,25
1993,047,龙,06
1993,048,龙,06
1993,049,马,28
1993,050,虎,20
1993,051,牛,33
1993,052,虎,20
1993,053,牛,21
1993,054,蛇,41
1993,055,狗,36
1993,056,马,40
1993,057,兔,43
1993,058,马,16
1993,059,虎,32
1993,060,龙,18
1993,061,鼠,34
1993,062,猴,14
1993,063,虎,08
1993,064,猪,11
1993,065,羊,15
1993,066,鼠,22
1993,067,鼠,10
1993,068,鼠,22
1993,069,马,04
1993,070,马,40
1993,071,猴,38
1993,072,虎,08
1993,073,马,04
1993,074,牛,09
1993,075,猪,11
1993,076,羊,03
1993,077,蛇,17
1993,078,狗,36
1993,079,鼠,10
1993,080,牛,09
1993,081,牛,09
1993,082,狗,36
1993,083,鼠,34
1993,084,龙,30
1993,085,虎,20
1993,086,虎,32
1993,087,龙,18
1993,088,蛇,05
1993,089,虎,20
1993,090,虎,32
1993,091,牛,45
1993,092,兔,07
1993,093,兔,19
1993,094,兔,07
1993,095,猴,26
1993,096,虎,08
1993,097,猴,26
1993,098,虎,32
1993,099,虎,20
1993,100,牛,09
1993,101,鼠,10
1994,001,虎,45
1994,002,虎,45
1994,003,鸡,14
1994,004,马,29
1994,005,鸡,14
1994,006,鼠,11
1994,007,牛,22
1994,008,兔,20
1994,009,鼠,35
1994,010,兔,32
1994,011,马,05
1994,012,蛇,42
1994,013,虎,45
1994,014,马,17
1994,015,狗,01
1994,016,蛇,18
1994,017,蛇,30
1994,018,猪,12
1994,019,龙,43
1994,020,鸡,02
1994,021,龙,31
1994,022,龙,19
1994,023,鸡,02
1994,024,狗,37
1994,025,猴,15
1994,026,鸡,14
1994,027,龙,19
1994,028,鸡,38
1994,029,龙,19
1994,030,鼠,23
1994,031,牛,10
1994,032,猪,24
1994,033,狗,37
1994,034,羊,28
1994,035,猪,12
1994,036,虎,45
1994,037,猪,12
1994,038,猴,15
1994,039,牛,22
1994,040,马,29
1994,041,猴,27
1994,042,兔,08
1994,043,龙,31
1994,044,龙,19
1994,045,虎,21
1994,046,龙,07
1994,047,蛇,42
1994,048,狗,13
1994,049,鼠,11
1994,050,羊,40
1994,051,羊,04
1994,052,兔,44
1994,053,马,05
1994,054,虎,45
1994,055,马,17
1994,056,鼠,23
1994,057,狗,01
1994,058,蛇,18
1994,059,兔,20
1994,060,鼠,23
1994,061,猪,12
1994,062,兔,44
1994,063,蛇,30
1994,064,羊,04
1994,065,龙,43
1994,066,猪,24
1994,067,虎,09
1994,068,虎,09
1994,069,羊,28
1994,070,猪,12
1994,071,牛,34
1994,072,鼠,11
1994,073,虎,33
1994,074,羊,04
1994,075,狗,37
1994,076,猪,36
1994,077,虎,09
1994,078,羊,16
1994,079,龙,31
1994,080,牛,34
1994,081,龙,31
1994,082,狗,13
1994,083,鼠,35
1994,084,鸡,14
1994,085,羊,40
1994,086,虎,21
1994,087,马,05
1994,088,羊,04
1994,089,牛,10
1994,090,鸡,14
1994,091,羊,28
1994,092,马,29
1994,093,鼠,11
1994,094,蛇,42
1994,095,龙,19
1994,096,龙,19
1994,097,猴,15
1994,098,猴,03
1994,099,狗,13
1994,100,龙,07
1994,101,牛,10
1995,001,蛇,43
1995,002,羊,29
1995,003,蛇,07
1995,004,鸡,39
1995,005,龙,20
1995,006,猴,28
1995,007,猪,37
1995,008,狗,38
1995,009,牛,35
1995,010,鸡,03
1995,011,龙,32
1995,012,狗,02
1995,013,羊,05
1995,014,鼠,36
1995,015,猴,04
1995,016,蛇,31
1995,017,龙,32
1995,018,狗,14
1995,019,狗,02
1995,020,牛,35
1995,021,蛇,43
1995,022,羊,17
1995,023,猪,01
1995,024,猴,40
1995,025,牛,35
1995,026,猴,04
1995,027,兔,33
1995,028,虎,22
1995,029,鼠,12
1995,030,鸡,15
1995,031,鸡,15
1995,032,蛇,31
1995,033,猪,25
1995,034,羊,29
1995,035,牛,11
1995,036,牛,23
1995,037,鸡,27
1995,038,兔,45
1995,039,狗,38
1995,040,羊,41
1995,041,蛇,07
1995,042,羊,41
1995,043,狗,26
1995,044,牛,23
1995,045,兔,33
1995,046,鸡,39
1995,047,马,42
1995,048,鸡,13
1995,049,虎,10
1995,050,猴,40
1995,051,蛇,19
1995,052,虎,34
1995,053,牛,11
1995,054,虎,34
1995,055,马,30
1995,056,马,30
1995,057,马,18
1995,058,猪,37
1995,059,虎,10
1995,060,牛,23
1995,061,狗,38
1995,062,猪,01
1995,063,鼠,36
1995,064,羊,05
1995,065,兔,45
1995,066,狗,26
1995,067,猴,16
1995,068,猴,40
1995,069,鸡,39
1995,070,狗,14
1995,071,蛇,07
1995,072,猴,28
1995,073,猴,04
1995,074,兔,33
1995,075,猪,25
1995,076,蛇,19
1995,077,蛇,43
1995,078,兔,09
1995,079,羊,17
1995,080,猪,01
1995,081,鼠,24
1995,082,蛇,43
1995,083,虎,34
1995,084,虎,22
1995,085,龙,20
1995,086,马,42
1995,087,兔,45
1995,088,羊,41
1995,089,龙,44
1995,090,鼠,12
1995,091,蛇,19
1995,092,鼠,12
1995,093,龙,44
1995,094,蛇,43
1995,095,龙,20
1995,096,兔,09
1995,097,兔,45
1995,098,马,42
1995,099,猪,37
1995,100,马,06
1995,101,鸡,15
1996,001,羊,42
1996,002,鸡,40
1996,003,鼠,13
1996,004,猪,14
1996,005,马,31
1996,006,鼠,25
1996,007,马,31
1996,008,蛇,44
1996,009,猪,38
1996,010,猴,29
1996,011,虎,23
1996,012,猴,41
1996,013,猪,26
1996,014,鼠,01
1996,015,鼠,25
1996,016,蛇,20
1996,017,猪,14
1996,018,狗,39
1996,019,鸡,40
1996,020,马,07
1996,021,羊,18
1996,022,蛇,20
1996,023,猴,17
1996,024,鼠,01
1996,025,兔,34
1996,026,羊,42
1996,027,龙,45
1996,028,蛇,20
1996,029,牛,24
1996,030,虎,23
1996,031,虎,23
1996,032,猪,26
1996,033,猴,29
1996,034,猪,38
1996,035,龙,45
1996,036,鼠,01
1996,037,鸡,28
1996,038,狗,03
1996,039,虎,35
1996,040,羊,18
1996,041,蛇,08
1996,042,蛇,08
1996,043,鼠,01
1996,044,马,19
1996,045,鸡,40
1996,046,鸡,04
1996,047,虎,47
1996,048,蛇,44
1996,049,兔,46
1996,050,猪,14
1996,051,羊,42
1996,052,猴,05
1996,053,兔,46
1996,054,牛,12
1996,055,狗,39
1996,056,鼠,13
1996,057,牛,12
1996,058,鸡,40
1996,059,虎,11
1996,060,羊,42
1996,061,马,43
1996,062,牛,12
1996,063,虎,47
1996,064,猴,05
1996,065,龙,21
1996,066,狗,39
1996,067,狗,39
1996,068,羊,30
1996,069,鸡,16
1996,070,兔,46
1996,071,牛,12
1996,072,猪,38
1996,073,猴,05
1996,074,猪,14
1996,075,鼠,13
1996,076,龙,09
1996,077,马,31
1996,078,虎,11
1996,079,鼠,13
1996,080,马,31
1996,081,马,07
1996,082,马,07
1996,083,鸡,16
1996,084,鸡,40
1996,085,猪,02
1996,086,兔,34
1996,087,兔,34
1996,088,鼠,01
1996,089,羊,18
1996,090,猴,41
1996,091,鸡,16
1996,092,鼠,13
1996,093,兔,34
1996,094,马,07
1996,095,马,31
1996,096,兔,46
1996,097,兔,22
1996,098,羊,30
1996,099,猪,26
1996,100,羊,06
1996,101,马,31
1996,102,马,07
1996,103,牛,24
1996,104,龙,45
1996,105,猴,05
1996,106,兔,46
1997,001,兔,47
1997,002,马,08
1997,003,蛇,33
1997,004,马,44
1997,005,龙,22
1997,006,猪,03
1997,007,龙,10
1997,008,兔,11
1997,009,鼠,14
1997,010,马,32
1997,011,鸡,17
1997,012,牛,37
1997,013,马,44
1997,014,鸡,17
1997,015,羊,07
1997,016,狗,04
1997,017,龙,46
1997,018,猴,06
1997,019,猪,03
1997,020,虎,12
1997,021,鸡,17
1997,022,鼠,26
1997,023,兔,11
1997,024,蛇,45
1997,025,虎,12
1997,026,虎,12
1997,027,鸡,05
1997,028,兔,47
1997,029,牛,25
1997,030,猴,18
1997,031,鼠,14
1997,032,虎,12
1997,033,蛇,33
1997,034,狗,04
1997,035,鸡,05
1997,036,猴,42
1997,037,鸡,17
1997,038,蛇,33
1997,039,鼠,38
1997,040,龙,22
1997,041,马,44
1997,042,兔,35
1997,043,羊,43
1997,044,蛇,45
1997,045,兔,35
1997,046,龙,22
1997,047,兔,47
1997,048,鸡,05
1997,049,龙,34
1997,050,狗,04
1997,051,狗,40
1997,052,兔,23
1997,053,龙,34
1997,054,猪,27
1997,055,猪,15
1997,056,猴,30
1997,057,猪,39
1997,058,蛇,09
1997,059,猪,39
1997,060,鼠,14
1997,061,羊,43
1997,062,鸡,29
1997,063,鼠,38
1997,064,鸡,41
1997,065,蛇,09
1997,066,猴,18
1997,067,马,20
1997,068,鼠,14
1997,069,鼠,26
1997,070,鼠,14
1997,071,兔,35
1997,072,狗,40
1997,073,龙,10
1997,074,龙,22
1997,075,猴,42
1997,076,马,44
1997,077,牛,37
1997,078,蛇,33
1997,079,牛,13
1997,080,猴,06
1997,081,猴,06
1997,082,猴,18
1997,083,羊,07
1997,084,鼠,38
1997,085,鸡,29
1997,086,马,08
1997,087,鸡,05
1997,088,猴,18
1997,089,猴,06
1997,090,兔,47
1997,091,马,44
1997,092,兔,35
1997,093,牛,01
1997,094,马,20
1997,095,虎,24
1997,096,虎,36
1997,097,蛇,21
1997,098,鼠,26
1997,099,兔,47
1997,100,牛,01
1997,101,蛇,09
1997,102,龙,22
1997,103,兔,35
1997,104,兔,23
1998,001,虎,25
1998,002,牛,14
1998,003,鼠,03
1998,004,鸡,18
1998,005,虎,37
1998,006,兔,24
1998,007,猪,40
1998,008,虎,25
1998,009,鼠,39
1998,010,牛,26
1998,011,猪,28
1998,012,蛇,22
1998,013,鸡,30
1998,014,马,21
1998,015,虎,01
1998,016,鸡,30
1998,017,鼠,39
1998,018,蛇,34
1998,019,羊,08
1998,020,虎,01
1998,021,牛,14
1998,022,虎,25
1998,023,兔,12
1998,024,牛,14
1998,025,鼠,39
1998,026,龙,23
1998,027,牛,02
1998,028,羊,32
1998,029,狗,17
1998,030,鼠,39
1998,031,鼠,39
1998,032,虎,25
1998,033,猴,19
1998,034,鼠,39
1998,035,马,09
1998,036,鸡,18
1998,037,鸡,42
1998,038,兔,24
1998,039,牛,26
1998,040,猪,16
1998,041,猴,19
1998,042,猴,31
1998,043,猪,16
1998,044,鼠,39
1998,045,蛇,34
1998,046,兔,36
1998,047,牛,38
1998,048,虎,37
1998,049,猪,40
1998,050,马,09
1998,051,蛇,46
1998,052,狗,41
1998,053,龙,47
1998,054,鸡,30
1998,055,虎,25
1998,056,猪,16
1998,057,猴,19
1998,058,虎,37
1998,059,猴,31
1998,060,龙,23
1998,061,马,33
1998,062,鼠,27
1998,063,虎,25
1998,064,鼠,15
1998,065,牛,14
1998,066,羊,44
1998,067,鼠,03
1998,068,狗,05
1998,069,虎,13
1998,070,龙,23
1998,071,兔,12
1998,072,猪,40
1998,073,蛇,34
1998,074,羊,20
1998,075,虎,37
1998,076,狗,29
1998,077,鸡,42
1998,078,虎,25
1998,079,马,09
1998,080,虎,13
1998,081,龙,47
1998,082,龙,35
1998,083,猴,31
1998,084,狗,29
1998,085,羊,20
1998,086,猴,19
1998,087,猪,28
1998,088,虎,25
1998,089,蛇,34
1998,090,牛,02
1998,091,牛,14
1998,092,牛,02
1998,093,兔,12
1998,094,猴,31
1998,095,马,45
1998,096,蛇,34
1998,097,虎,13
1998,098,猴,19
1998,099,牛,26
1998,100,羊,08
1998,101,狗,41
1998,102,羊,32
1998,103,兔,24
1998,104,牛,38
1998,105,猪,16
1998,106,虎,37
1998,107,龙,47
1998,108,狗,05
1998,109,猪,16
1998,110,虎,25
1998,111,鸡,18
1998,112,狗,05
1998,113,虎,13
1998,114,马,09
1999,001,蛇,47
1999,002,猪,41
1999,003,兔,13
1999,004,牛,27
1999,005,牛,15
1999,006,鼠,40
1999,007,兔,01
1999,008,狗,06
1999,009,马,34
1999,010,蛇,35
1999,011,鼠,28
1999,012,龙,12
1999,013,羊,33
1999,014,蛇,11
1999,015,狗,42
1999,016,龙,36
1999,017,羊,21
1999,018,蛇,23
1999,019,猴,08
1999,020,猪,29
1999,021,鸡,43
1999,022,鸡,43
1999,023,狗,42
1999,024,蛇,35
1999,025,马,10
1999,026,牛,27
1999,027,龙,36
1999,028,羊,33
1999,029,虎,02
1999,030,蛇,47
1999,031,蛇,47
1999,032,马,34
1999,033,鸡,07
1999,034,牛,03
1999,035,鸡,07
1999,036,鸡,07
1999,037,猪,05
1999,038,鼠,40
1999,039,虎,14
1999,040,虎,14
1999,041,鼠,28
1999,042,羊,21
1999,043,龙,36
1999,044,龙,24
1999,045,猪,29
1999,046,羊,45
1999,047,龙,12
1999,048,狗,18
1999,049,鸡,43
1999,050,马,10
1999,051,猴,32
1999,052,虎,26
1999,053,猴,08
1999,054,虎,26
1999,055,羊,21
1999,056,羊,45
1999,057,牛,27
1999,058,蛇,11
1999,059,蛇,35
1999,060,猴,32
1999,061,鸡,19
1999,062,猴,44
1999,063,鸡,43
1999,064,马,34
1999,065,虎,14
1999,066,狗,06
1999,067,马,10
1999,068,马,22
1999,069,马,22
1999,070,鼠,40
1999,071,马,34
1999,072,猪,05
1999,073,马,34
1999,074,牛,27
1999,075,虎,38
1999,076,龙,24
1999,077,龙,12
1999,078,牛,27
1999,079,鸡,31
1999,080,猴,36
1999,081,羊,25
1999,082,马,38
1999,083,猪,33
1999,084,蛇,15
1999,085,猪,09
1999,086,狗,46
1999,087,虎,06
1999,088,猪,09
1999,089,虎,42
1999,090,虎,06
1999,091,猪,33
1999,092,鸡,35
1999,093,鸡,23
1999,094,狗,34
1999,095,兔,17
1999,096,羊,13
1999,097,龙,04
1999,098,鼠,44
1999,099,狗,46
1999,100,猴,24
1999,101,虎,30
1999,102,虎,06
1999,103,蛇,03
1999,104,蛇,15
1999,105,马,38
1999,106,马,38
1999,107,马,38
1999,108,龙,28
1999,109,猪,21
1999,110,鸡,35
2000,001,鸡,44
2000,002,马,11
2000,003,兔,14
2000,004,龙,13
2000,005,羊,10
2000,006,蛇,12
2000,007,牛,40
2000,008,鼠,41
2000,009,马,23
2000,010,龙,37
2000,011,牛,04
2000,012,牛,40
2000,013,羊,10
2000,014,马,35
2000,015,马,23
2000,016,羊,10
2000,017,羊,22
2000,018,狗,19
2000,019,龙,13
2000,020,鸡,20
2000,021,马,23
2000,022,猴,09
2000,023,牛,40
2000,024,狗,19
2000,025,兔,14
2000,026,兔,38
2000,027,鼠,17
2000,028,龙,25
2000,029,龙,01
2000,030,鸡,32
2000,031,虎,03
2000,032,虎,15
2000,033,马,47
2000,034,牛,04
2000,035,龙,37
2000,036,兔,02
2000,037,龙,37
2000,038,狗,31
2000,039,狗,43
2000,040,鸡,44
2000,041,鸡,08
2000,042,狗,43
2000,043,蛇,36
2000,044,猪,42
2000,045,猴,21
2000,046,猴,33
2000,047,羊,46
2000,048,龙,01
2000,049,羊,34
2000,050,虎,27
2000,051,虎,03
2000,052,马,11
2000,053,羊,34
2000,054,鼠,29
2000,055,狗,31
2000,056,兔,38
2000,057,猪,18
2000,058,兔,02
2000,059,猪,30
2000,060,马,11
2000,061,蛇,36
2000,062,蛇,36
2000,063,猴,09
2000,064,牛,04
2000,065,羊,22
2000,066,牛,16
2000,067,蛇,36
2000,068,鸡,44
2000,069,蛇,36
2000,070,猴,33
2000,071,牛,28
2000,072,鸡,08
2000,073,鸡,32
2000,074,蛇,36
2000,075,狗,07
2000,076,虎,03
2000,077,狗,31
2000,078,牛,16
2000,079,牛,04
2000,080,虎,39
2000,081,兔,26
2000,082,猪,06
2000,083,猴,09
2000,084,马,47
2000,085,猪,06
2000,086,牛,28
2000,087,龙,01
2000,088,兔,26
2000,089,羊,22
2000,090,兔,14
2000,091,马,11
2000,092,蛇,24
2000,093,兔,38
2000,094,兔,38
2000,095,羊,10
2000,096,鼠,17
2000,097,狗,19
2000,098,鼠,05
2000,099,羊,46
2000,100,猴,45
2000,101,蛇,36
2000,102,兔,02
2000,103,鼠,05
2000,104,马,47
2000,105,猴,45
2000,106,龙,25
2000,107,虎,03
2000,108,猪,30
2000,109,虎,39
2000,110,马,35
2000,111,龙,25
2000,112,牛,04
2001,001,牛,05
2001,002,蛇,25
2001,003,羊,11
2001,004,鼠,30
2001,005,猪,19
2001,006,虎,28
2001,007,鸡,09
2001,008,猪,19
2001,009,羊,23
2001,010,蛇,13
2001,011,兔,27
2001,012,狗,08
2001,013,蛇,01
2001,014,龙,14
2001,015,羊,47
2001,016,猴,34
2001,017,猴,34
2001,018,兔,15
2001,019,鸡,45
2001,020,鸡,33
2001,021,羊,23
2001,022,猴,10
2001,023,狗,32
2001,024,蛇,13
2001,025,龙,38
2001,026,猪,19
2001,027,虎,40
2001,028,鼠,42
2001,029,猴,22
2001,030,猴,10
2001,031,猪,43
2001,032,羊,35
2001,033,龙,26
2001,034,兔,27
2001,035,鸡,09
2001,036,虎,40
2001,037,狗,20
2001,038,鼠,18
2001,039,牛,17
2001,040,鸡,45
2001,041,鸡,09
2001,042,狗,32
2001,043,龙,14
2001,044,鸡,33
2001,045,虎,40
2001,046,马,24
2001,047,羊,11
2001,048,牛,05
2001,049,狗,20
2001,050,羊,47
2001,051,猪,19
2001,052,虎,16
2001,053,蛇,37
2001,054,兔,27
2001,055,狗,44
2001,056,蛇,01
2001,057,鼠,42
2001,058,狗,32
2001,059,虎,04
2001,060,虎,40
2001,061,龙,38
2001,062,虎,16
2001,063,狗,20
2001,064,兔,15
2001,065,兔,15
2001,066,龙,02
2001,067,兔,15
2001,068,兔,39
2001,069,虎,40
2001,070,鼠,30
2001,071,猪,07
2001,072,猪,19
2001,073,兔,15
2001,074,龙,02
2001,075,鼠,18
2001,076,马,36
2001,077,羊,35
2001,078,兔,03
2001,079,鼠,42
2001,080,马,36
2001,081,猪,31
2001,082,马,12
2001,083,鸡,45
2001,084,鸡,33
2001,085,虎,28
2001,086,猪,07
2001,087,马,24
2001,088,虎,40
2001,089,牛,41
2001,090,猴,34
2001,091,鸡,33
2001,092,牛,17
2001,093,鼠,30
2001,094,牛,29
2001,095,羊,11
2001,096,龙,38
2001,097,龙,02
2001,098,龙,26
2001,099,兔,27
2001,100,牛,41
2001,101,兔,03
2001,102,蛇,01
2001,103,猪,19
2001,104,虎,40
2001,105,马,12
2001,106,鸡,09
2001,107,猪,43
2001,108,蛇,01
2001,109,牛,41
2001,110,猪,07
2002,001,鸡,22
2002,002,蛇,14
2002,003,狗,45
2002,004,牛,42
2002,005,龙,39
2002,006,马,37
2002,007,虎,17
2002,008,猴,47
2002,009,蛇,26
2002,010,猴,35
2002,011,狗,33
2002,012,兔,40
2002,013,兔,16
2002,014,马,01
2002,015,马,13
2002,016,羊,12
2002,017,马,01
2002,018,蛇,14
2002,019,猴,11
2002,020,兔,28
2002,021,狗,09
2002,022,猪,20
2002,023,鼠,43
2002,024,马,13
2002,025,龙,27
2002,026,鼠,31
2002,027,虎,05
2002,028,兔,04
2002,029,龙,03
2002,030,龙,39
2002,031,猴,35
2002,032,猴,23
2002,033,鸡,22
2002,034,猴,47
2002,035,狗,09
2002,036,龙,39
2002,037,龙,15
2002,038,兔,40
2002,039,龙,27
2002,040,兔,28
2002,041,羊,24
2002,042,狗,21
2002,043,兔,28
2002,044,猴,11
2002,045,鸡,34
2002,046,蛇,02
2002,047,虎,17
2002,048,猪,32
2002,049,猪,08
2002,050,羊,24
2002,051,鸡,34
2002,052,兔,28
2002,053,猪,08
2002,054,鸡,34
2002,055,马,13
2002,056,鼠,07
2002,057,虎,41
2002,058,兔,28
2002,059,猪,20
2002,060,马,37
2002,061,虎,05
2002,062,猪,44
2002,063,牛,30
2002,064,羊,36
2002,065,牛,18
2002,066,马,37
2002,067,马,01
2002,068,蛇,02
2002,069,狗,45
2002,070,羊,12
2002,071,马,37
2002,072,狗,33
2002,073,猪,08
2002,074,狗,21
2002,075,兔,04
2002,076,虎,41
2002,077,龙,15
2002,078,猴,35
2002,079,牛,30
2002,080,鸡,10
2002,081,羊,36
2002,082,蛇,02
2002,083,兔,40
2002,084,虎,05
2002,085,鼠,19
2002,086,虎,29
2002,087,马,25
2002,088,鸡,22
2002,089,蛇,02
2002,090,虎,17
2002,091,马,13
2002,092,蛇,38
2002,093,鼠,19
2002,094,马,01
2002,095,虎,41
2002,096,狗,45
2002,097,鸡,34
2002,098,马,01
2002,099,兔,28
2002,100,牛,42
2002,101,牛,18
2002,102,狗,21
2002,103,狗,33
2002,104,蛇,38
2002,105,鸡,46
2002,106,马,01
2002,107,虎,17
2002,108,猪,08
2002,109,狗,09
2002,110,龙,15
2002,111,牛,42
2002,112,兔,04
2002,113,羊,24
2003,001,狗,46
2003,002,蛇,15
2003,003,猴,24
2003,004,鼠,20
2003,005,兔,29
2003,006,虎,06
2003,007,羊,49
2003,008,猴,48
2003,009,鸡,23
2003,010,狗,46
2003,011,龙,16
2003,012,兔,29
2003,013,虎,18
2003,014,猴,24
2003,015,鸡,35
2003,016,蛇,15
2003,017,猴,36
2003,018,牛,43
2003,019,虎,30
2003,020,兔,17
2003,021,鼠,32
2003,022,猪,33
2003,023,猴,36
2003,024,鼠,20
2003,025,鸡,35
2003,026,虎,18
2003,027,牛,07
2003,028,虎,42
2003,029,龙,28
2003,030,猪,33
2003,031,牛,43
2003,032,牛,43
2003,033,蛇,27
2003,034,蛇,03
2003,035,猴,36
2003,036,猴,48
2003,037,鸡,35
2003,038,虎,18
2003,039,猴,12
2003,040,虎,42
2003,041,马,26
2003,042,虎,06
2003,043,兔,29
2003,044,鸡,11
2003,045,羊,37
2003,046,兔,29
2003,047,马,26
2003,048,羊,49
2003,049,猴,12
2003,050,鸡,47
2003,051,鸡,11
2003,052,马,02
2003,053,马,38
2003,054,羊,49
2003,055,虎,30
2003,056,鸡,47
2003,057,蛇,39
2003,058,猪,21
2003,059,牛,07
2003,060,马,38
2003,061,狗,22
2003,062,蛇,39
2003,063,鸡,23
2003,064,鼠,32
2003,065,虎,07
2003,066,龙,04
2003,067,羊,26
2003,068,羊,01
2003,069,鼠,44
2003,070,兔,29
2003,071,狗,10
2003,072,马,38
2003,073,猴,24
2003,074,虎,06
2003,075,狗,34
2003,076,猪,09
2003,077,鸡,47
2003,078,猴,12
2003,079,鸡,11
2003,080,蛇,03
2003,081,马,38
2003,082,猴,24
2003,083,鸡,24
2003,084,猪,10
2003,085,龙,41
2003,086,蛇,28
2003,087,鼠,21
2003,088,猪,22
2003,089,羊,38
2003,090,狗,34
2003,091,蛇,03
2003,092,猴,24
2003,093,龙,40
2003,094,猴,12
2003,095,马,38
2003,096,鼠,08
2003,097,羊,01
2003,098,蛇,15
2003,099,猴,36
2003,100,猴,24
2003,101,虎,42
2003,102,兔,29
2003,103,牛,43
2003,104,牛,43
2003,105,兔,05
2003,106,猪,45
2003,107,狗,22
2003,108,兔,05
2003,109,牛,19
2003,110,羊,49
2003,111,马,14
2003,112,狗,34
2003,113,鸡,11
2003,114,狗,46
2003,115,蛇,27
2003,116,鼠,44
2003,117,蛇,27
2004,001,猴,01
2004,002,鸡,36
2004,003,狗,23
2004,004,兔,06
2004,005,虎,43
2004,006,猴,01
2004,007,虎,19
2004,008,蛇,04
2004,009,狗,11
2004,010,牛,08
2004,011,猴,13
2004,012,羊,38
2004,013,狗,11
2004,014,蛇,04
2004,015,虎,07
2004,016,猴,37
2004,017,虎,19
2004,018,猴,01
2004,019,兔,06
2004,020,马,03
2004,021,兔,18
2004,022,马,15
2004,023,兔,42
2004,024,鸡,48
2004,025,猴,37
2004,026,龙,17
2004,027,牛,08
2004,028,牛,32
2004,029,马,03
2004,030,狗,35
2004,031,兔,30
2004,032,猪,10
2004,033,鼠,45
2004,034,羊,26
2004,035,猪,34
2004,036,兔,42
2004,037,鸡,48
2004,038,龙,17
2004,039,鼠,33
2004,040,狗,23
2004,041,鼠,21
2004,042,猴,37
2004,043,狗,35
2004,044,羊,02
2004,045,鸡,36
2004,046,鸡,12
2004,047,猪,22
2004,048,马,03
2004,049,龙,29
2004,050,马,39
2004,051,鸡,12
2004,052,鼠,09
2004,053,虎,31
2004,054,鸡,48
2004,055,鼠,45
2004,056,鸡,12
2004,057,牛,32
2004,058,狗,47
2004,059,虎,07
2004,060,鸡,36
2004,061,鼠,45
2004,062,鼠,09
2004,063,鼠,45
2004,064,虎,31
2004,065,虎,43
2004,066,羊,26
2004,067,羊,38
2004,068,猪,34
2004,069,马,15
2004,070,鸡,24
2004,071,猪,10
2004,072,猴,25
2004,073,猪,22
2004,074,马,15
2004,075,猴,37
2004,076,羊,38
2004,077,鸡,12
2004,078,鼠,09
2004,079,猴,49
2004,080,羊,14
2004,081,猴,49
2004,082,兔,42
2004,083,马,39
2004,084,狗,47
2004,085,龙,29
2004,086,蛇,40
2004,087,狗,47
2004,088,龙,41
2004,089,猴,49
2004,090,猪,10
2004,091,蛇,28
2004,092,蛇,40
2004,093,羊,14
2004,094,鼠,33
2004,095,羊,14
2004,096,蛇,16
2004,097,虎,19
2004,098,鸡,12
2004,099,蛇,29
2004,100,猪,10
2004,101,牛,32
2004,102,猪,22
2004,103,虎,31
2004,104,狗,23
2004,105,狗,11
2004,106,兔,06
2004,107,龙,41
2004,108,鸡,36
2004,109,羊,38
2004,110,兔,06
2004,111,龙,17
2004,112,兔,42
2004,113,狗,11
2004,114,鼠,21
2004,115,猪,10
2004,116,龙,41
2004,117,龙,05
2004,118,兔,06
2004,119,猴,37
2004,120,鸡,48
2004,121,猪,10
2004,122,虎,31
2004,123,马,03
2004,124,鸡,24
2004,125,兔,42
2004,126,猪,10
2004,127,猪,23
2004,128,羊,26
2004,129,猴,25
2004,130,牛,20
2004,131,蛇,40
2004,132,虎,19
2004,133,鸡,12
2004,134,蛇,40
2004,135,猪,10
2004,136,鼠,21
2004,137,猴,13
2004,138,虎,31
2004,139,兔,06
2004,140,羊,14
2005,001,鼠,34
2005,002,猪,35
2005,003,羊,15
2005,004,羊,27
2005,005,虎,44
2005,006,蛇,17
2005,007,猪,23
2005,008,猪,11
2005,009,龙,06
2005,010,狗,24
2005,011,马,04
2005,012,马,40
2005,013,猪,35
2005,014,蛇,29
2005,015,鼠,10
2005,016,猪,23
2005,017,狗,24
2005,018,猴,26
2005,019,猴,02
2005,020,牛,33
2005,021,蛇,17
2005,022,狗,24
2005,023,鸡,13
2005,024,龙,18
2005,025,龙,30
2005,026,鼠,22
2005,027,猴,26
2005,028,鸡,01
2005,029,鸡,37
2005,030,兔,19
2005,031,猪,23
2005,032,鼠,46
2005,033,牛,33
2005,034,兔,19
2005,035,蛇,05
2005,036,羊,03
2005,037,狗,12
2005,038,狗,48
2005,039,牛,45
2005,040,鸡,13
2005,041,猴,14
2005,042,龙,06
2005,043,鸡,49
2005,044,鼠,10
2005,045,蛇,05
2005,046,鸡,13
2005,047,兔,31
2005,048,鼠,34
2005,049,虎,08
2005,050,蛇,05
2005,051,猴,02
2005,052,鸡,01
2005,053,龙,06
2005,054,蛇,41
2005,055,羊,15
2005,056,猪,47
2005,057,虎,32
2005,058,虎,08
2005,059,猴,38
2005,060,兔,19
2005,061,鼠,10
2005,062,猪,10
2005,063,猴,02
2005,064,鸡,13
2005,065,猴,26
2005,066,牛,33
2005,067,羊,27
2005,068,狗,24
2005,069,虎,44
2005,070,猪,11
2005,071,马,04
2005,072,羊,27
2005,073,羊,03
2005,074,鼠,10
2005,075,牛,21
2005,076,龙,42
2005,077,蛇,17
2005,078,龙,42
2005,079,牛,45
2005,080,蛇,17
2005,081,蛇,05
2005,082,猴,02
2005,083,蛇,29
2005,084,虎,44
2005,085,蛇,04
2005,086,羊,03
2005,087,蛇,17
2005,088,虎,08
2005,089,蛇,05
2005,090,鸡,25
2005,091,鸡,13
2005,092,羊,03
2005,093,马,40
2005,094,马,04
2005,095,龙,06
2005,096,蛇,41
2005,097,龙,18
2005,098,牛,21
2005,099,龙,18
2005,100,龙,42
2005,101,猪,35
2005,102,猴,14
2005,103,龙,18
2005,104,鼠,10
2005,105,龙,42
2005,106,虎,44
2005,107,猪,47
2005,108,鸡,25
2005,109,鼠,34
2005,110,狗,48
2005,111,牛,09
2005,112,兔,07
2005,113,羊,39
2005,114,蛇,17
2005,115,龙,18
2005,116,牛,33
2005,117,猴,14
2005,118,龙,18
2005,119,羊,27
2005,120,蛇,05
2005,121,牛,45
2005,122,虎,20
2005,123,猪,35
2005,124,蛇,29
2005,125,鸡,01
2005,126,鸡,25
2005,127,兔,07
2005,128,猴,38
2005,129,马,28
2005,130,羊,27
2005,131,兔,19
2005,132,牛,33
2005,133,马,40
2005,134,羊,27
2005,135,兔,43
2005,136,蛇,05
2005,137,猪,23
2005,138,羊,03
2005,139,鼠,22
2005,140,龙,18
2005,141,羊,27
2005,142,龙,06
2005,143,马,04
2005,144,猪,11
2005,145,虎,20
2005,146,虎,20
2005,147,牛,09
2005,148,狗,24
2005,149,猴,02
2005,150,虎,44
2005,151,虎,32
2005,152,羊,03
2005,153,兔,19
2005,154,牛,33
2005,155,狗,36
2006,001,鼠,47
2006,002,狗,13
2006,003,龙,43
2006,004,羊,04
2006,005,鼠,35
2006,006,牛,46
2006,007,猪,12
2006,008,马,17
2006,009,牛,22
2006,010,鸡,26
2006,011,鼠,35
2006,012,羊,40
2006,013,龙,43
2006,014,鸡,38
2006,015,鼠,23
2006,016,兔,44
2006,017,虎,09
2006,018,羊,04
2006,019,蛇,06
2006,020,蛇,30
2006,021,狗,37
2006,022,羊,40
2006,023,牛,10
2006,024,龙,19
2006,025,狗,37
2006,026,兔,20
2006,027,猪,24
2006,028,猪,36
2006,029,鼠,10
2006,030,羊,40
2006,031,虎,09
2006,032,猪,36
2006,033,虎,09
2006,034,兔,18
2006,035,牛,10
2006,036,兔,44
2006,037,狗,37
2006,038,鼠,23
2006,039,兔,44
2006,040,鸡,26
2006,041,羊,28
2006,042,兔,08
2006,043,马,17
2006,044,猪,48
2006,045,狗,37
2006,046,猪,12
2006,047,龙,19
2006,048,龙,31
2006,049,蛇,06
2006,050,马,41
2006,051,牛,22
2006,052,马,29
2006,053,鼠,35
2006,054,蛇,18
2006,055,鼠,23
2006,056,猪,36
2006,057,龙,43
2006,058,马,05
2006,059,狗,49
2006,060,牛,34
2006,061,马,29
2006,062,鼠,47
2006,063,龙,07
2006,064,龙,19
2006,065,牛,10
2006,066,马,17
2006,067,马,05
2006,068,鸡,26
2006,069,猴,15
2006,070,狗,13
2006,071,羊,02
2006,072,虎,19
2006,073,猴,03
2006,074,鸡,02
2006,075,蛇,06
2006,076,鸡,14
2006,077,鼠,47
2006,078,羊,40
2006,079,蛇,18
2006,080,猪,12
2006,081,羊,40
2006,082,兔,08
2006,083,马,17
2006,084,猴,15
2006,085,龙,43
2006,086,羊,16
2006,087,龙,19
2006,088,马,05
2006,089,蛇,18
2006,090,马,41
2006,091,龙,19
2006,092,蛇,18
2006,093,马,41
2006,094,虎,09
2006,095,虎,33
2006,096,马,41
2006,097,牛,10
2006,098,鸡,26
2006,099,蛇,42
2006,100,猪,33
2006,101,兔,08
2006,102,鸡,23
2006,103,蛇,30
2006,104,兔,20
2006,105,马,41
2006,106,猴,39
2006,107,鼠,11
2006,108,牛,10
2006,109,蛇,30
2006,110,鼠,47
2006,111,虎,33
2006,112,虎,21
2006,113,鼠,35
2006,114,鼠,11
2006,115,兔,08
2006,116,狗,37
2006,117,蛇,06
2006,118,蛇,30
2006,119,羊,04
2006,120,猴,15
2006,121,马,17
2006,122,猴,39
2006,123,虎,45
2006,124,兔,32
2006,125,蛇,18
2006,126,羊,16
2006,127,牛,34
2006,128,牛,22
2006,129,马,41
2006,130,蛇,30
2006,131,兔,31
2006,132,兔,20
2006,133,虎,45
2006,134,马,17
2006,135,牛,46
2006,136,马,41
2006,137,龙,43
2006,138,蛇,18
2006,139,马,05
2006,140,马,29
2006,141,兔,08
2006,142,猴,15
2006,143,蛇,30
2006,144,鸡,14
2006,145,鼠,47
2006,146,兔,44
2006,147,鸡,14
2006,148,虎,45
2006,149,马,41
2006,150,羊,04
2006,151,鼠,11
2006,152,马,41
2006,153,龙,43
2006,154,蛇,42
2007,001,羊,41
2007,002,猪,13
2007,003,狗,14
2007,004,鼠,48
2007,005,蛇,43
2007,006,猴,16
2007,007,虎,10
2007,008,马,42
2007,009,蛇,19
2007,010,鸡,15
2007,011,马,30
2007,012,猴,16
2007,013,狗,38
2007,014,蛇,17
2007,015,猴,28
2007,016,鼠,36
2007,017,鸡,03
2007,018,猪,01
2007,019,蛇,07
2007,020,虎,46
2007,021,羊,29
2007,022,龙,32
2007,023,虎,46
2007,024,龙,08
2007,025,狗,02
2007,026,羊,41
2007,027,狗,14
2007,028,兔,45
2007,029,鼠,48
2007,030,龙,20
2007,031,狗,14
2007,032,马,42
2007,033,狗,02
2007,034,鼠,24
2007,035,猪,49
2007,036,鼠,24
2007,037,猪,13
2007,038,龙,32
2007,039,虎,10
2007,040,猪,49
2007,041,鸡,27
2007,042,鼠,24
2007,043,牛,47
2007,044,鸡,15
2007,045,虎,10
2007,046,狗,38
2007,047,狗,38
2007,048,龙,20
2007,049,兔,09
2007,050,牛,11
2007,051,猪,37
2007,052,兔,33
2007,053,马,42
2007,054,虎,22
2007,055,鸡,15
2007,056,猴,40
2007,057,鸡,15
2007,058,牛,35
2007,059,蛇,43
2007,060,猪,13
2007,061,鼠,12
2007,062,蛇,07
2007,063,羊,17
2007,064,龙,32
2007,065,龙,32
2007,066,蛇,07
2007,067,猪,13
2007,068,猴,04
2007,069,虎,46
2007,070,马,30
2007,071,牛,47
2007,072,虎,22
2007,073,牛,23
2007,074,虎,34
2007,075,兔,33
2007,076,龙,20
2007,077,龙,32
2007,078,兔,21
2007,079,猴,16
2007,080,猪,49
2007,081,兔,33
2007,082,虎,34
2007,083,羊,41
2007,084,鼠,12
2007,085,羊,17
2007,086,猪,13
2007,087,羊,17
2007,088,虎,34
2007,089,蛇,07
2007,090,马,06
2007,091,虎,46
2007,092,猪,37
2007,093,羊,41
2007,094,羊,05
2007,095,虎,10
2007,096,虎,46
2007,097,蛇,31
2007,098,马,06
2007,099,猪,13
2007,100,蛇,07
2007,101,猪,37
2007,102,鸡,15
2007,103,虎,34
2007,104,狗,38
2007,105,猴,16
2007,106,羊,05
2007,107,牛,11
2007,108,狗,38
2007,109,羊,17
2007,110,猪,49
2007,111,兔,45
2007,112,猴,40
2007,113,狗,02
2007,114,鼠,48
2007,115,羊,17
2007,116,鼠,12
2007,117,狗,26
2007,118,蛇,19
2007,119,鸡,27
2007,120,牛,11
2007,121,猪,49
2007,122,虎,34
2007,123,虎,34
2007,124,猪,25
2007,125,猪,01
2007,126,鼠,36
2007,127,猪,13
2007,128,蛇,07
2007,129,兔,45
2007,130,兔,21
2007,131,狗,02
2007,132,羊,29
2007,133,羊,29
2007,134,蛇,43
2007,135,狗,26
2007,136,羊,41
2007,137,猴,04
2007,138,马,06
2007,139,龙,08
2007,140,鸡,39
2007,141,鸡,15
2007,142,牛,47
2007,143,猴,40
2007,144,牛,47
2007,145,虎,10
2007,146,狗,26
2007,147,龙,44
2007,148,龙,32
2007,149,兔,33
2007,150,蛇,43
2007,151,龙,08
2007,152,猴,04
2008,001,猪,14
2008,002,狗,15
2008,003,狗,03
2008,004,兔,22
2008,005,马,43
2008,006,猪,26
2008,007,虎,23
2008,008,牛,24
2008,009,猴,41
2008,010,猴,29
2008,011,狗,39
2008,012,猴,29
2008,013,兔,10
2008,014,狗,39
2008,015,蛇,08
2008,016,牛,36
2008,017,虎,47
2008,018,虎,35
2008,019,羊,18
2008,020,鸡,28
2008,021,马,31
2008,022,狗,03
2008,023,牛,48
2008,024,鼠,13
2008,025,龙,45
2008,026,鼠,13
2008,027,牛,36
2008,028,狗,27
2008,029,猴,29
2008,030,猴,17
2008,031,马,07
2008,032,鸡,28
2008,033,鼠,49
2008,034,蛇,08
2008,035,鸡,40
2008,036,蛇,32
2008,037,虎,23
2008,038,鸡,04
2008,039,马,31
2008,040,马,31
2008,041,马,43
2008,042,牛,24
2008,043,虎,23
2008,044,猴,05
2008,045,蛇,20
2008,046,龙,09
2008,047,龙,21
2008,048,龙,09
2008,049,虎,35
2008,050,蛇,08
2008,051,猴,17
2008,052,狗,39
2008,053,鸡,40
2008,054,猴,29
2008,055,鸡,40
2008,056,马,31
2008,057,鼠,49
2008,058,狗,15
2008,059,龙,45
2008,060,羊,06
2008,061,牛,36
2008,062,鼠,13
2008,063,羊,30
2008,064,兔,10
2008,065,牛,48
2008,066,狗,03
2008,067,鼠,13
2008,068,狗,15
2008,069,牛,24
2008,070,鼠,25
2008,071,猪,38
2008,072,牛,24
2008,073,猴,05
2008,074,鼠,01
2008,075,猪,14
2008,076,牛,36
2008,077,蛇,32
2008,078,虎,11
2008,079,狗,03
2008,080,猪,02
2008,081,猪,02
2008,082,蛇,08
2008,083,牛,48
2008,084,羊,06
2008,085,羊,06
2008,086,鸡,28
2008,087,鼠,25
2008,088,鸡,40
2008,089,猪,26
2008,090,兔,10
2008,091,马,43
2008,092,羊,06
2008,093,虎,35
2008,094,蛇,20
2008,095,兔,46
2008,096,猴,41
2008,097,蛇,44
2008,098,兔,10
2008,099,兔,22
2008,100,羊,18
2008,101,牛,12
2008,102,虎,35
2008,103,猴,05
2008,104,兔,34
2008,105,羊,42
2008,106,龙,45
2008,107,龙,33
2008,108,兔,46
2008,109,羊,30
2008,110,马,31
2008,111,兔,34
2008,112,狗,15
2008,113,龙,09
2008,114,猴,05
2008,115,猴,41
2008,116,狗,27
2008,117,马,31
2008,118,马,07
2008,119,牛,24
2008,120,猪,14
2008,121,鼠,37
2008,122,狗,39
2008,123,龙,09
2008,124,狗,39
2008,125,鼠,25
2008,126,狗,39
2008,127,鸡,04
2008,128,马,43
2008,129,虎,11
2008,130,羊,42
2008,131,虎,35
2008,132,兔,10
2008,133,鼠,49
2008,134,马,07
2008,135,鼠,13
2008,136,猴,41
2008,137,牛,48
2008,138,蛇,08
2008,139,牛,12
2008,140,鼠,01
2008,141,虎,35
2008,142,蛇,20
2008,143,鼠,13
2008,144,马,43
2008,145,鼠,13
2008,146,兔,10
2008,147,兔,46
2008,148,羊,18
2008,149,龙,09
2009,001,鼠,26
2009,002,羊,19
2009,003,羊,07
2009,004,羊,31
2009,005,猴,42
2009,006,猴,30
2009,007,牛,37
2009,008,牛,37
2009,009,虎,12
2009,010,牛,49
2009,011,虎,36
2009,012,狗,04
2009,013,鼠,38
2009,014,猴,42
2009,015,马,20
2009,016,兔,35
2009,017,马,08
2009,018,虎,36
2009,019,马,08
2009,020,猴,06
2009,021,马,08
2009,022,马,44
2009,023,牛,25
2009,024,鼠,02
2009,025,鼠,26
2009,026,猪,15
2009,027,蛇,45
2009,028,虎,36
2009,029,蛇,09
2009,030,鸡,05
2009,031,虎,12
2009,032,龙,10
2009,033,羊,43
2009,034,龙,22
2009,035,蛇,21
2009,036,羊,19
2009,037,兔,47
2009,038,鼠,14
2009,039,猴,30
2009,040,龙,34
2009,041,鼠,14
2009,042,牛,01
2009,043,兔,35
2009,044,鸡,05
2009,045,牛,49
2009,046,鸡,05
2009,047,虎,24
2009,048,兔,23
2009,049,羊,07
2009,050,猪,39
2009,051,兔,35
2009,052,龙,10
2009,053,兔,47
2009,054,鼠,14
2009,055,马,32
2009,056,兔,23
2009,057,狗,40
2009,058,鼠,02
2009,059,狗,04
2009,060,龙,22
2009,061,马,20
2009,062,羊,31
2009,063,兔,11
2009,064,鼠,02
2009,065,牛,01
2009,066,猪,03
2009,067,牛,25
2009,068,龙,34
2009,069,鼠,38
2009,070,虎,36
2009,071,牛,13
2009,072,龙,46
2009,073,蛇,45
2009,074,马,20
2009,075,蛇,45
2009,076,虎,24
2009,077,狗,04
2009,078,鼠,26
2009,079,马,20
2009,080,鼠,02
2009,081,鼠,26
2009,082,鸡,41
2009,083,虎,31
2009,084,羊,19
2009,085,猪,39
2009,086,马,44
2009,087,马,20
2009,088,羊,31
2009,089,马,44
2009,090,兔,11
2009,091,马,20
2009,092,虎,24
2009,093,猴,42
2009,094,牛,33
2009,095,狗,04
2009,096,猴,42
2009,097,虎,48
2009,098,牛,37
2009,099,狗,16
2009,100,猪,39
2009,101,龙,34
2009,102,狗,40
2009,103,狗,04
2009,104,鼠,38
2009,105,羊,31
2009,106,猪,15
2009,107,虎,48
2009,108,兔,47
2009,109,猪,34
2009,110,鼠,26
2009,111,鼠,26
2009,112,鼠,38
2009,113,虎,24
2009,114,羊,19
2009,115,蛇,21
2009,116,龙,10
2009,117,鼠,14
2009,118,狗,28
2009,119,狗,04
2009,120,羊,07
2009,121,鼠,26
2009,122,虎,48
2009,123,兔,35
2009,124,羊,07
2009,125,猪,15
2009,126,虎,36
2009,127,虎,48
2009,128,兔,23
2009,129,马,44
2009,130,猴,30
2009,131,鸡,41
2009,132,鸡,17
2009,133,鼠,14
2009,134,蛇,21
2009,135,蛇,45
2009,136,虎,24
2009,137,蛇,21
2009,138,鼠,26
2009,139,羊,07
2009,140,狗,04
2009,141,虎,24
2009,142,狗,04
2009,143,羊,31
2009,144,蛇,21
2009,145,蛇,45
2009,146,鸡,41
2009,147,猴,18
2009,148,龙,10
2009,149,鼠,38
2009,150,龙,10
2009,151,牛,49
2009,152,兔,23
2009,153,鼠,14
2009,154,羊,19
2010,001,鸡,06
2010,002,鼠,27
2010,003,鸡,42
2010,004,蛇,10
2010,005,虎,01
2010,006,狗,41
2010,007,鼠,27
2010,008,猪,40
2010,009,猪,16
2010,010,牛,02
2010,011,牛,02
2010,012,猪,28
2010,013,猪,40
2010,014,狗,41
2010,015,虎,13
2010,016,牛,14
2010,017,猴,07
2010,018,猪,16
2010,019,羊,44
2010,020,猴,19
2010,021,鼠,03
2010,022,虎,01
2010,023,蛇,46
2010,024,蛇,46
2010,025,龙,47
2010,026,蛇,46
2010,027,猪,16
2010,028,猪,16
2010,029,羊,20
2010,030,马,21
2010,031,兔,48
2010,032,鸡,30
2010,033,猴,31
2010,034,兔,36
2010,035,狗,17
2010,036,鸡,42
2010,037,狗,29
2010,038,羊,20
2010,039,狗,41
2010,040,鸡,30
2010,041,羊,08
2010,042,龙,35
2010,043,猪,40
2010,044,狗,17
2010,045,马,33
2010,046,猴,19
2010,047,羊,32
2010,048,狗,17
2010,049,龙,11
2010,050,羊,08
2010,051,鼠,03
2010,052,兔,24
2010,053,鼠,15
2010,054,羊,44
2010,055,羊,20
2010,056,马,09
2010,057,羊,32
2010,058,狗,17
2010,059,牛,14
2010,060,虎,49
2010,061,狗,41
2010,062,鼠,27
2010,063,鸡,18
2010,064,鸡,30
2010,065,牛,26
2010,066,鸡,06
2010,067,虎,01
2010,068,蛇,10
2010,069,兔,24
2010,070,猴,43
2010,071,龙,11
2010,072,牛,14
2010,073,虎,37
2010,074,羊,44
2010,075,兔,24
2010,076,牛,02
2010,077,虎,49
2010,078,猴,19
2010,079,虎,49
2010,080,鼠,27
2010,081,虎,13
2010,082,兔,24
2010,083,猴,31
2010,084,马,33
2010,085,鸡,42
2010,086,兔,24
2010,087,蛇,22
2010,088,蛇,22
2010,089,蛇,22
2010,090,鸡,42
2010,091,猴,07
2010,092,虎,37
2010,093,龙,23
2010,094,蛇,34
2010,095,猴,43
2010,096,猪,16
2010,097,龙,35
2010,098,猪,28
2010,099,马,45
2010,100,虎,37
2010,101,鸡,42
2010,102,狗,41
2010,103,牛,38
2010,104,龙,47
2010,105,鼠,27
2010,106,狗,05
2010,107,兔,12
2010,108,鸡,06
2010,109,蛇,34
2010,110,虎,25
2010,111,龙,47
2010,112,狗,05
2010,113,蛇,46
2010,114,鼠,27
2010,115,鸡,06
2010,116,兔,12
2010,117,牛,02
2010,118,鼠,27
2010,119,鼠,27
2010,120,虎,13
2010,121,狗,41
2010,122,虎,37
2010,123,鸡,18
2010,124,羊,08
2010,125,羊,32
2010,126,蛇,46
2010,127,鼠,27
2010,128,鼠,15
2010,129,狗,17
2010,130,鸡,18
2010,131,兔,48
2010,132,龙,35
2010,133,猴,19
2010,134,龙,23
2010,135,牛,14
2010,136,龙,35
2010,137,羊,08
2010,138,鸡,42
2010,139,马,09
2010,140,蛇,34
2010,141,鼠,27
2010,142,牛,14
2010,143,虎,37
2010,144,蛇,10
2010,145,猪,40
2010,146,蛇,10
2010,147,龙,23
2010,148,猴,07
2010,149,兔,36
2010,150,龙,11
2010,151,兔,12
2010,152,兔,12
2011,001,牛,03
2011,002,鼠,40
2011,003,鸡,43
2011,004,鼠,04
2011,005,虎,38
2011,006,马,10
2011,007,虎,02
2011,008,兔,37
2011,009,龙,48
2011,010,兔,37
2011,011,猴,20
2011,012,龙,48
2011,013,马,46
2011,014,羊,09
2011,015,羊,21
2011,016,鸡,19
2011,017,猪,17
2011,018,龙,12
2011,019,鼠,16
2011,020,狗,30
2011,021,羊,45
2011,022,鼠,40
2011,023,猪,05
2011,024,猴,44
2011,025,兔,49
2011,026,猪,29
2011,027,狗,30
2011,028,马,10
2011,029,马,22
2011,030,鼠,28
2011,031,羊,21
2011,032,羊,09
2011,033,猴,20
2011,034,猴,20
2011,035,牛,15
2011,036,兔,13
2011,037,猪,29
2011,038,鸡,43
2011,039,猴,32
2011,040,蛇,11
2011,041,羊,09
2011,042,马,22
2011,043,龙,12
2011,044,马,10
2011,045,鼠,28
2011,046,羊,45
2011,047,鼠,28
2011,048,蛇,35
2011,049,虎,38
2011,050,蛇,47
2011,051,牛,03
2011,052,龙,36
2011,053,猪,05
2011,054,马,22
2011,055,狗,06
2011,056,狗,30
2011,057,龙,48
2011,058,鸡,31
2011,059,猴,08
2011,060,蛇,35
2011,061,鼠,04
2011,062,蛇,23
2011,063,马,10
2011,064,猴,08
2011,065,猪,17
2011,066,狗,18
2011,067,虎,38
2011,068,蛇,35
2011,069,马,22
2011,070,马,46
2011,071,虎,02
2011,072,牛,39
2011,073,虎,38
2011,074,狗,42
2011,075,鸡,19
2011,076,虎,38
2011,077,兔,13
2011,078,牛,27
2011,079,兔,37
2011,080,狗,30
2011,081,牛,15
2011,082,猪,29
2011,083,龙,36
2011,084,蛇,35
2011,085,猴,20
2011,086,马,22
2011,087,羊,21
2011,088,马,10
2011,089,马,34
2011,090,狗,30
2011,091,龙,36
2011,092,鸡,31
2011,093,龙,24
2011,094,马,34
2011,095,龙,48
2011,096,马,10
2011,097,鸡,07
2011,098,龙,12
2011,099,兔,01
2011,100,鼠,40
2011,101,虎,02
2011,102,狗,30
2011,103,狗,06
2011,104,狗,42
2011,105,猪,29
2011,106,猪,17
2011,107,猴,32
2011,108,鼠,16
2011,109,马,22
2011,110,兔,25
2011,111,狗,42
2011,112,兔,13
2011,113,狗,06
2011,114,虎,38
2011,115,兔,13
2011,116,猪,05
2011,117,蛇,47
2011,118,羊,33
2011,119,马,46
2011,120,蛇,23
2011,121,兔,13
2011,122,虎,14
2011,123,鼠,40
2011,124,蛇,47
2011,125,猴,44
2011,126,兔,49
2011,127,蛇,47
2011,128,马,10
2011,129,鸡,43
2011,130,兔,49
2011,131,龙,48
2011,132,羊,33
2011,133,蛇,35
2011,134,猪,29
2011,135,蛇,35
2011,136,羊,21
2011,137,猪,05
2011,138,猴,32
2011,139,虎,14
2011,140,猪,29
2011,141,猪,05
2011,142,鸡,31
2011,143,兔,25
2011,144,兔,01
2011,145,马,34
2011,146,鸡,31
2011,147,猴,32
2011,148,猪,05
2011,149,虎,02
2011,150,龙,24
2011,151,猪,41
2011,152,猪,05
2011,153,兔,01
2011,154,虎,38
2012,001,羊,10
2012,002,兔,02
2012,003,猪,30
2012,004,蛇,12
2012,005,马,47
2012,006,兔,14
2012,007,龙,01
2012,008,狗,31
2012,009,鼠,41
2012,010,虎,15
2012,011,龙,49
2012,012,马,47
2012,013,狗,07
2012,014,马,47
2012,015,狗,43
2012,016,蛇,48
2012,017,龙,25
2012,018,鸡,08
2012,019,虎,15
2012,020,鼠,17
2012,021,龙,37
2012,022,羊,22
2012,023,马,47
2012,024,龙,13
2012,025,鼠,05
2012,026,鸡,32
2012,027,狗,43
2012,028,羊,34
2012,029,蛇,12
2012,030,猪,06
2012,031,虎,15
2012,032,龙,37
2012,033,鼠,41
2012,034,羊,34
2012,035,兔,38
2012,036,鸡,08
2012,037,猪,18
2012,038,猪,42
2012,039,兔,14
2012,040,鸡,44
2012,041,猪,06
2012,042,鼠,41
2012,043,龙,25
2012,044,牛,04
2012,045,马,23
2012,046,兔,02
2012,047,猴,45
2012,048,兔,14
2012,049,兔,38
2012,050,羊,22
2012,051,虎,03
2012,052,鸡,08
2012,053,马,35
2012,054,鼠,41
2012,055,牛,04
2012,056,鸡,32
2012,057,牛,40
2012,058,猴,33
2012,059,鼠,41
2012,060,羊,34
2012,061,狗,07
2012,062,羊,46
2012,063,兔,38
2012,064,龙,37
2012,065,龙,37
2012,066,猴,09
2012,067,猪,06
2012,068,鸡,32
2012,069,猴,09
2012,070,蛇,24
2012,071,牛,28
2012,072,虎,39
2012,073,马,47
2012,074,蛇,24
2012,075,龙,01
2012,076,鸡,20
2012,077,鸡,44
2012,078,龙,37
2012,079,虎,03
2012,080,狗,43
2012,081,虎,27
2012,082,虎,03
2012,083,鼠,29
2012,084,龙,13
2012,085,狗,31
2012,086,鸡,32
2012,087,鼠,05
2012,088,龙,01
2012,089,狗,07
2012,090,蛇,12
2012,091,羊,10
2012,092,蛇,48
2012,093,牛,16
2012,094,牛,28
2012,095,鸡,08
2012,096,猴,45
2012,097,蛇,48
2012,098,鼠,05
2012,099,虎,27
2012,100,猴,45
2012,101,兔,38
2012,102,兔,38
2012,103,虎,03
2012,104,鼠,29
2012,105,龙,37
2012,106,狗,43
2012,107,狗,43
2012,108,猪,42
2012,109,虎,39
2012,110,牛,40
2012,111,马,47
2012,112,牛,28
2012,113,鸡,32
2012,114,龙,13
2012,115,猴,09
2012,116,牛,16
2012,117,马,35
2012,118,牛,04
2012,119,牛,40
2012,120,兔,26
2012,121,猪,06
2012,122,猴,21
2012,123,牛,28
2012,124,龙,01
2012,125,狗,19
2012,126,兔,02
2012,127,鼠,41
2012,128,猪,42
2012,129,狗,43
2012,130,龙,25
2012,131,狗,31
2012,132,猴,21
2012,133,猪,30
2012,134,龙,13
2012,135,狗,31
2012,136,龙,13
2012,137,羊,10
2012,138,猪,06
2012,139,马,47
2012,140,牛,04
2012,141,蛇,48
2012,142,兔,38
2012,143,蛇,24
2012,144,兔,14
2012,145,蛇,48
2012,146,羊,34
2012,147,龙,49
2012,148,兔,02
2012,149,兔,14
2012,150,马,23
2012,151,牛,40
2013,001,虎,39
2013,002,狗,07
2013,003,蛇,48
2013,004,狗,07
2013,005,龙,13
2013,006,马,11
2013,007,兔,26
2013,008,龙,01
2013,009,蛇,24
2013,010,鼠,05
2013,011,牛,28
2013,012,鸡,32
2013,013,羊,22
2013,014,龙,13
2013,015,龙,37
2013,016,鸡,32
2013,017,羊,47
2013,018,鼠,18
2013,019,猴,34
2013,020,猪,07
2013,021,兔,15
2013,022,鸡,21
2013,023,牛,17
2013,024,蛇,37
2013,025,牛,05
2013,026,龙,02
2013,027,虎,28
2013,028,虎,04
2013,029,马,12
2013,030,鼠,18
2013,031,狗,08
2013,032,猴,34
2013,033,兔,27
2013,034,羊,11
2013,035,猪,43
2013,036,牛,17
2013,037,牛,05
2013,038,虎,04
2013,039,蛇,25
2013,040,兔,39
2013,041,龙,02
2013,042,鼠,18
2013,043,马,48
2013,044,鸡,09
2013,045,马,48
2013,046,鼠,06
2013,047,猪,19
2013,048,鸡,09
2013,049,马,36
2013,050,龙,14
2013,051,鸡,33
2013,052,马,36
2013,053,蛇,13
2013,054,猴,22
2013,055,兔,27
2013,056,牛,17
2013,057,猴,34
2013,058,马,36
2013,059,鼠,06
2013,060,龙,38
2013,061,兔,27
2013,062,羊,23
2013,063,猪,07
2013,064,龙,02
2013,065,鼠,30
2013,066,虎,28
2013,067,牛,05
2013,068,蛇,01
2013,069,狗,44
2013,070,兔,39
2013,071,鼠,30
2013,072,兔,39
2013,073,猴,22
2013,074,牛,17
2013,075,龙,14
2013,076,蛇,13
2013,077,牛,17
2013,078,蛇,49
2013,079,狗,08
2013,080,鼠,42
2013,081,蛇,25
2013,082,狗,44
2013,083,猴,34
2013,084,狗,20
2013,085,鼠,30
2013,086,鸡,21
2013,087,蛇,49
2013,088,鼠,42
2013,089,马,48
2013,090,鼠,42
2013,091,鸡,09
2013,092,猪,31
2013,093,狗,44
2013,094,羊,23
2013,095,蛇,01
2013,096,马,36
2013,097,猴,46
2013,098,鸡,33
2013,099,狗,20
2013,100,虎,16
2013,101,马,36
2013,102,牛,17
2013,103,蛇,37
2013,104,鼠,06
2013,105,牛,17
2013,106,马,36
2013,107,鸡,33
2013,108,蛇,49
2013,109,牛,41
2013,110,猪,31
2013,111,猪,19
2013,112,猴,34
2013,113,猴,34
2013,114,虎,04
2013,115,兔,15
2013,116,狗,20
2013,117,鼠,30
2013,118,狗,20
2013,119,龙,38
2013,120,马,12
2013,121,蛇,49
2013,122,鼠,18
2013,123,龙,26
2013,124,鼠,30
2013,125,虎,40
2013,126,牛,17
2013,127,鸡,21
2013,128,马,36
2013,129,狗,20
2013,130,鸡,21
2013,131,虎,16
2013,132,猴,46
2013,133,狗,32
2013,134,马,48
2013,135,马,36
2013,136,虎,04
2013,137,蛇,13
2013,138,鼠,18
2013,139,鸡,09
2013,140,龙,14
2013,141,鸡,21
2013,142,牛,29
2013,143,狗,20
2013,144,虎,16
2013,145,兔,27
2013,146,牛,29
2013,147,羊,47
2013,148,兔,27
2013,149,兔,39
2013,150,鼠,06
2013,151,牛,05
2013,152,猴,45
2013,152,龙,14
2014,001,鸡,21
2014,002,猪,43
2014,003,猴,46
2014,004,蛇,25
2014,005,牛,17
2014,006,鸡,21
2014,007,鸡,33
2014,008,龙,38
2014,009,狗,44
2014,010,猪,07
2014,011,鼠,06
2014,012,鼠,18
2014,013,鸡,45
2014,014,马,37
2014,015,龙,39
2014,016,蛇,14
2014,017,鼠,19
2014,018,牛,30
2014,019,猴,11
2014,020,猴,35
2014,021,狗,45
2014,022,蛇,14
2014,023,虎,05
2014,024,猪,44
2014,025,鸡,34
2014,026,鸡,22
2014,027,蛇,38
2014,028,兔,40
2014,029,龙,27
2014,030,牛,30
2014,031,龙,27
2014,032,龙,27
2014,033,蛇,14
2014,034,兔,04
2014,035,牛,06
2014,036,羊,36
2014,037,猴,11
2014,038,马,25
2014,039,龙,03
2014,040,鼠,31
2014,041,牛,06
2014,042,马,25
2014,043,马,13
2014,044,龙,27
2014,045,牛,42
2014,046,龙,03
2014,047,蛇,14
2014,048,兔,16
2014,049,鸡,46
2014,050,蛇,14
2014,051,牛,30
2014,052,马,25
2014,053,牛,30
2014,054,羊,48
2014,055,虎,05
2014,056,猪,08
2014,057,鼠,07
2014,058,鼠,07
2014,059,牛,06
2014,060,鼠,19
2014,061,马,49
2014,062,马,01
2014,063,猴,35
2014,064,鼠,31
2014,065,龙,15
2014,066,牛,06
2014,067,龙,27
2014,068,兔,40
2014,069,龙,15
2014,070,狗,21
2014,071,鼠,07
2014,072,羊,48
2014,073,羊,36
2014,074,兔,28
2014,075,狗,21
2014,076,猪,20
2014,077,猴,47
2014,078,羊,36
2014,079,猪,08
2014,080,鼠,43
2014,081,猪,44
2014,082,鸡,10
2014,083,马,49
2014,084,马,13
2014,085,蛇,14
2014,086,兔,40
2014,087,鼠,19
2014,088,蛇,38
2014,089,兔,28
2014,090,蛇,14
2014,091,猴,11
2014,092,马,37
2014,093,猪,32
2014,094,猴,11
2014,095,龙,15
2014,096,兔,16
2014,097,牛,18
2014,098,马,13
2014,099,猴,47
2014,100,马,49
2014,101,牛,06
2014,102,马,25
2014,103,马,01
2014,104,鼠,31
2014,105,猪,32
2014,106,猴,35
2014,107,虎,29
2014,108,龙,27
2014,109,猴,23
2014,110,蛇,38
2014,111,羊,24
2014,112,猴,47
2014,113,鼠,07
2014,114,猪,08
2014,115,羊,48
2014,116,龙,39
2014,117,猪,08
2014,118,狗,33
2014,119,牛,18
2014,120,马,25
2014,121,牛,42
2014,122,鼠,19
2014,123,牛,18
2014,124,鼠,31
2014,125,狗,33
2014,126,鼠,31
2014,127,狗,33
2014,128,龙,03
2014,129,鼠,43
2014,130,蛇,26
2014,131,牛,06
2014,132,鸡,10
2014,133,鸡,46
2014,134,羊,12
2014,135,猪,44
2014,136,鼠,19
2014,137,猪,44
2014,138,鼠,31
2014,139,狗,33
2014,140,猴,35
2014,141,兔,16
2014,142,鸡,46
2014,143,鼠,31
2014,144,鼠,19
2014,145,兔,16
2014,146,狗,33
2014,147,鸡,22
2014,148,狗,33
2014,149,牛,30
2014,150,兔,40
2014,151,鼠,07
2014,152,龙,27
2015,001,龙,39
2015,002,虎,29
2015,003,马,13
2015,004,虎,05
2015,005,蛇,14
2015,006,羊,24
2015,007,猴,11
2015,008,猴,47
2015,009,猪,32
2015,010,牛,06
2015,011,羊,12
2015,012,狗,09
2015,013,龙,27
2015,014,狗,21
2015,015,鸡,10
2015,016,牛,30
2015,017,蛇,14
2015,018,猴,35
2015,019,蛇,26
2015,020,马,25
2015,021,鸡,35
2015,022,羊,37
2015,023,蛇,27
2015,024,马,38
2015,025,牛,19
2015,026,狗,46
2015,027,羊,37
2015,028,羊,25
2015,029,狗,34
2015,030,蛇,27
2015,031,马,14
2015,032,狗,46
2015,033,兔,05
2015,034,蛇,27
2015,035,兔,29
2015,036,狗,34
2015,037,牛,07
2015,038,鸡,35
2015,039,牛,19
2015,040,龙,04
2015,041,马,14
2015,042,羊,25
2015,043,虎,06
2015,044,龙,28
2015,045,马,38
2015,046,羊,49
2015,047,牛,31
2015,048,鸡,23
2015,049,猪,09
2015,050,猴,12
2015,051,龙,40
2015,052,兔,29
2015,053,虎,06
2015,054,鼠,08
2015,055,狗,10
2015,056,马,02
2015,057,鸡,47
2015,058,羊,13
2015,059,狗,46
2015,060,牛,07
2015,061,兔,41
2015,062,虎,30
2015,063,马,02
2015,064,羊,25
2015,065,鼠,44
2015,066,鼠,44
2015,067,牛,31
2015,068,蛇,27
2015,069,鸡,23
2015,070,虎,42
2015,071,蛇,03
2015,072,羊,37
2015,073,鼠,44
2015,074,蛇,15
2015,075,蛇,15
2015,076,蛇,15
2015,077,羊,49
2015,078,鸡,35
2015,079,猪,33
2015,080,羊,37
2015,081,兔,05
2015,082,羊,25
2015,083,蛇,39
2015,084,狗,10
2015,085,马,38
2015,086,羊,13
2015,087,猪,45
2015,088,狗,46
2015,089,虎,18
2015,090,猴,12
2015,091,龙,16
2015,092,羊,37
2015,093,猴,12
2015,094,狗,46
2015,095,鼠,20
2015,096,羊,01
2015,097,虎,06
2015,098,猴,12
2015,099,猴,36
2015,100,猴,48
2015,101,鸡,47
2015,102,兔,17
2015,103,兔,41
2015,104,狗,46
2015,105,马,26
2015,106,狗,34
2015,107,兔,17
2015,108,狗,46
2015,109,羊,37
2015,110,狗,10
2015,111,羊,49
2015,112,马,02
2015,113,狗,34
2015,114,虎,06
2015,115,马,26
2015,116,马,14
2015,117,龙,40
2015,118,马,26
2015,119,兔,29
2015,120,猴,24
2015,121,羊,25
2015,122,兔,17
2015,123,马,02
2015,124,狗,10
2015,125,鸡,47
2015,126,鼠,08
2015,127,蛇,15
2015,128,牛,07
2015,129,羊,01
2015,130,蛇,03
2015,131,牛,19
2015,132,鼠,20
2015,133,猪,21
2015,134,牛,19
2015,135,羊,37
2015,136,马,38
2015,137,牛,07
2015,138,猴,48
2015,139,龙,28
2015,140,狗,10
2015,141,猪,09
2015,142,鼠,32
2015,143,虎,42
2015,144,猪,33
2015,145,虎,42
2015,146,蛇,39
2015,147,猪,21
2015,148,马,26
2015,149,羊,25
2015,150,牛,07
2015,151,龙,28
2015,152,蛇,03
2016,001,鸡,47
2016,002,鸡,11
2016,003,鼠,08
2016,004,马,38
2016,005,鸡,47
2016,006,马,26
2016,007,猴,24
2016,008,羊,13
2016,009,猪,09
2016,010,兔,05
2016,011,羊,13
2016,012,猴,36
2016,013,龙,04
2016,014,马,02
2016,015,鼠,32
2016,016,兔,41
2016,017,猪,10
2016,018,虎,31
2016,019,鸡,24
2016,020,猪,46
2016,021,鼠,45
2016,022,狗,47
2016,023,虎,07
2016,024,兔,42
2016,025,虎,31
2016,026,鼠,33
2016,027,蛇,40
2016,028,羊,14
2016,029,虎,43
2016,030,羊,02
2016,031,马,39
2016,032,狗,35
2016,033,羊,14
2016,034,马,39
2016,035,猴,13
2016,036,马,27
2016,037,蛇,28
2016,038,狗,47
2016,039,虎,07
2016,040,虎,31
2016,041,虎,31
2016,042,猪,10
2016,043,马,03
2016,044,羊,38
2016,045,马,03
2016,046,鼠,21
2016,047,猴,49
2016,048,鸡,12
2016,049,蛇,40
2016,050,龙,29
2016,051,虎,43
2016,052,鼠,21
2016,053,兔,42
2016,054,狗,35
2016,055,兔,18
2016,056,狗,11
2016,057,兔,42
2016,058,猪,22
2016,059,牛,20
2016,060,猴,49
2016,061,羊,38
2016,062,狗,11
2016,063,狗,47
2016,064,虎,19
2016,065,狗,11
2016,066,猴,37
2016,067,蛇,04
2016,068,鸡,24
2016,069,猴,49
2016,070,龙,29
2016,071,兔,18
2016,072,鸡,36
2016,073,狗,35
2016,074,龙,05
2016,075,羊,38
2016,076,猪,22
2016,077,龙,29
2016,078,兔,18
2016,079,鸡,48
2016,080,鸡,36
2016,081,蛇,04
2016,082,狗,35
2016,083,鸡,24
2016,084,鸡,12
2016,085,马,15
2016,086,蛇,28
2016,087,猴,49
2016,088,虎,07
2016,089,马,03
2016,090,蛇,40
2016,091,猴,13
2016,092,鸡,24
2016,093,羊,26
2016,094,兔,30
2016,095,鼠,33
2016,096,马,03
2016,097,马,03
2016,098,兔,30
2016,099,猴,25
2016,100,羊,02
2016,101,猪,22
2016,102,马,27
2016,103,羊,14
2016,104,猪,22
2016,105,狗,23
2016,106,兔,30
2016,107,羊,26
2016,108,猴,25
2016,109,羊,14
2016,110,兔,42
2016,111,马,27
2016,112,蛇,40
2016,113,兔,06
2016,114,兔,30
2016,115,猪,34
2016,116,鼠,09
2016,117,猴,13
2016,118,猪,46
2016,119,猪,10
2016,120,鸡,12
2016,121,虎,19
2016,122,狗,35
2016,123,羊,14
2016,124,龙,41
2016,125,兔,42
2016,126,牛,08
2016,127,狗,47
2016,128,鸡,48
2016,129,蛇,28
2016,130,猴,37
2016,131,兔,42
2016,132,羊,26
2016,133,鼠,33
2016,134,牛,32
2016,135,龙,05
2016,136,龙,41
2016,137,鼠,33
2016,138,猴,25
2016,139,蛇,16
2016,140,虎,07
2016,141,狗,11
2016,142,龙,29
2016,143,鼠,45
2016,144,猴,37
2016,145,狗,23
2016,146,龙,29
2016,147,马,39
2016,148,狗,47
2016,149,龙,41
2016,150,羊,26
2016,151,鼠,33
2017,001,兔,18
2017,002,马,39
2017,003,虎,19
2017,004,鸡,12
2017,005,兔,06
2017,006,狗,35
2017,007,鼠,33
2017,008,兔,18
2017,009,鼠,33
2017,010,牛,20
2017,011,猪,10
2017,012,龙,42
2017,013,牛,45
2017,014,猴,26
2017,015,狗,24
2017,016,马,40
2017,017,羊,15
2017,018,猴,26
2017,019,兔,07
2017,020,牛,45
2017,021,虎,20
2017,022,鼠,10
2017,023,虎,08
2017,024,兔,07
2017,025,鼠,34
2017,026,牛,45
2017,027,龙,42
2017,028,猴,26
2017,029,羊,15
2017,030,狗,48
2017,031,马,04
2017,032,虎,08
2017,033,猴,02
2017,034,马,16
2017,035,马,16
2017,036,虎,44
2017,037,兔,07
2017,038,猪,23
2017,039,猴,26
2017,040,马,40
2017,041,兔,19
2017,042,猴,38
2017,043,鼠,34
2017,044,羊,39
2017,045,马,28
2017,046,龙,06
2017,047,猴,14
2017,048,鸡,37
2017,049,牛,33
2017,050,猴,02
2017,051,羊,27
2017,052,羊,27
2017,053,狗,12
2017,054,猪,11
2017,055,虎,20
2017,056,羊,03
2017,057,虎,32
2017,058,猴,14
2017,059,鸡,49
2017,060,兔,07
2017,061,羊,27
2017,062,鸡,01
2017,063,牛,33
2017,064,龙,42
2017,065,猪,35
2017,066,龙,06
2017,067,龙,42
2017,068,虎,44
2017,069,虎,44
2017,070,虎,32
2017,071,鼠,34
2017,072,牛,45
2017,073,猪,11
2017,074,虎,08
2017,075,兔,19
2017,076,猪,35
2017,077,龙,18
2017,078,马,28
2017,079,鸡,37
2017,080,猪,35
2017,081,龙,18
2017,082,猴,26
2017,083,鼠,10
2017,084,牛,21
2017,085,羊,03
2017,086,鸡,01
2017,087,马,40
2017,088,蛇,17
2017,089,鼠,46
2017,090,狗,36
2017,091,兔,31
2017,092,兔,07
2017,093,蛇,29
2017,094,马,28
2017,095,羊,27
2017,096,龙,42
2017,097,鼠,22
2017,098,羊,15
2017,099,蛇,17
2017,100,兔,31
2017,101,马,04
2017,102,蛇,29
2017,103,羊,15
2017,104,兔,19
2017,105,蛇,17
2017,106,鸡,49
2017,107,鸡,37
2017,108,鸡,01
2017,109,牛,33
2017,110,蛇,17
2017,111,鼠,10
2017,112,马,04
2017,113,马,16
2017,114,虎,44
2017,115,龙,06
2017,116,龙,30
2017,117,鸡,25
2017,118,蛇,05
2017,119,狗,24
2017,120,蛇,41
2017,121,鸡,25
2017,122,鸡,37
2017,123,羊,27
2017,124,鸡,49
2017,125,狗,36
2017,126,牛,09
2017,127,蛇,41
2017,128,兔,07
2017,129,马,28
2017,130,狗,48
2017,131,蛇,29
2017,132,牛,45
2017,133,龙,18
2017,134,狗,24
2017,135,兔,43
2017,136,兔,31
2017,137,虎,32
2017,138,猴,02
2017,139,兔,19
2017,140,鸡,49
2017,141,鼠,46
2017,142,蛇,29
2017,143,龙,18
2017,144,龙,30
2017,145,龙,30
2017,146,虎,08
2017,147,狗,36
2017,148,狗,24
2017,149,羊,03
2017,150,猪,11
2017,151,狗,12
2017,152,猪,11
2017,153,鸡,37
2018,001,狗,36
2018,002,猪,23
2018,003,兔,19
2018,004,马,04
2018,005,虎,08
2018,006,虎,44
2018,007,虎,20
2018,008,马,40
2018,009,鸡,25
2018,010,羊,39
2018,011,虎,08
2018,012,虎,32
2018,013,鼠,34
2018,014,猴,38
2018,015,狗,12
2018,016,鼠,34
2018,017,鸡,02
2018,018,马,05
2018,019,马,05
2018,020,羊,16
2018,021,狗,01
2018,022,虎,21
2018,023,兔,20
2018,024,龙,07
2018,025,鸡,02
2018,026,鸡,02
2018,027,虎,33
2018,028,蛇,30
2018,029,牛,10
2018,030,猪,36
2018,031,蛇,06
2018,032,龙,43
2018,033,虎,21
2018,034,猪,36
2018,035,蛇,30
2018,036,猴,03
2018,037,狗,25
2018,038,蛇,18
2018,039,蛇,42
2018,040,猪,24
2018,041,龙,43
2018,042,鼠,35
2018,043,虎,09
2018,044,蛇,42
2018,045,鸡,14
2018,046,龙,43
2018,047,马,41
2018,048,兔,08
2018,049,鸡,38
2018,050,鼠,11
2018,051,龙,43
2018,052,猴,39
2018,053,鸡,26
2018,054,狗,25
2018,055,鸡,38
2018,056,蛇,18
2018,057,羊,28
2018,058,狗,01
2018,059,兔,32
2018,060,羊,16
2018,061,虎,09
2018,062,狗,25
2018,063,鼠,47